	Alphitonia philippinensis (1)	Berchemia floribunda (2)	Berchemia giraldiana (3)	Berchemia hirtella (4)	Berchemia huana (5)	Berchemia kulingensis (6)	Berchemia lineata (7)	Berchemia loureiroana (8)	Berchemia sinica (9)	Berchemia yunnanensis (10)	Ceanothus asiaticus (11)	Colubrina arborescens (12)	Colubrina asiatica (13)	Colubrina pubescens (14)	Colubrina spinosa (15)	Gouania hypoglauca (19)	Gouania leptostachya (16)	Gouania leptostachya (18)	Gouania polygama (20)	Guoania javanica (17)	Hovenia acerba (21)	Hovenia acerba var. kiukiangensis (22)	Karwinskia calderonii (23)	Krugiodendron ferreum (24)	Paliurus perforatus (25)	Rhamnella franguloides (26)	Rhamnella tonkinensis (27)	Rhamnus crenata (28)	Rhamnus davurica (29)	Rhamnus diamantiaca (30)	Rhamnus erythroxylon (31)	Rhamnus globosa (32)	Rhamnus hainanensis (33)	Rhamnus koraiensis (34)	Rhamnus leptophylla (35)	Rhamnus longipes (36)	Rhamnus napalensis (37)	Rhamnus oreodendron (38)	Rhamnus parvifolia (39)	Rhamnus rosthornii (40)	Rhamnus sphaerosperma (41)	Rhamnus subapetala (42)	Rhamnus utilis (43)	Sageretia pauciflora (44)	Sageretia thea (45)	Scutia eberhardtia (46)	Scutia myrtina (47)	Ventilago calyculata (48)	Ventilago calyculata var. trichoclada (49)	Ventilago cristata (50)	Ventilago denticulate (51)	Ventilago inaequilateralis (52)	Ventilago leiocarpa (53)	Ventilago leiocarpa var. pubescens (54)	Ventilago maderaspatana (55)	Ventilago oblongifolia (56)	Ventilago pauciflora (57)	Ziziphus apetala (58)	Ziziphus attopensis (59)	Ziziphus cambodiana (60)	Ziziphus funiculosa (61)	Ziziphus guatemalensis (62)	Ziziphus horsfieldii (63)	Ziziphus incurva (64)	Ziziphus mauritiana (65)	Ziziphus oenopolia (66)	Ziziphus poilaneo (67)	Ziziphus rotundifolia (68)	Ziziphus rugosa (69)	Ziziphus rugosa var. harmandii (70)	Ziziphus thyrsiflora (71)
0	1.0	1.0	1.0	2.0	1.0	1.0	1.0	1.0	1.0	1.0	1.0	1.0	1.0	1.0	1.0	1.0	1.0	1.0	1.0	1.0	1.0	1.0	1.0	1.0	1.0	1.0	1.0	1.0	1.0	1.0	1.0	1.0	1.0	1.0	1.0	1.0	1.0	1.0	1.0	1.0	1.0	1.0	1.0	1.0	1.0	1.0	1.0	1.0	1.0	1.0	1.0	1.0	1.0	1.0	1.0	1.0	1.0	1.0	1.0	1.0	1.0	1.0	1.0	1.0	1.0	1.0	1.0	1.0	1.0	1.0	1.0
1	0.0	1.0	1.0	1.0	0.0	1.0	0.0	0.0	0.0	1.0	0.0	0.0	0.0	0.0	0.0	0.0	0.0	0.0	0.0	0.0	0.0	0.0	0.0	0.0	0.0	0.0	0.0	0.0	0.0	0.0	0.0	0.0	0.0	0.0	0.0	0.0	0.0	0.0	0.0	0.0	0.0	0.0	0.0	0.0	0.0	0.0	0.0	0.0	0.0	0.0	0.0	0.0	0.0	0.0	0.0	0.0	0.0	0.0	0.0	0.0	0.0	0.0	0.0	0.0	0.0	0.0	0.0	0.0	0.0	0.0	0.0
10	0.0	0.0	0.0	0.0	0.0	0.0	0.0	0.0	0.0	0.0	0.0	0.0	0.0	0.0	0.0	0.0	0.0	0.0	0.0	0.0	0.0	0.0	0.0	0.0	0.0	0.0	0.0	0.0	1.0	1.0	1.0	1.0	1.0	1.0	1.0	1.0	0.0	1.0	1.0	1.0	1.0	1.0	1.0	1.0	0.0	0.0	0.0	1.0	0.0	0.0	1.0	0.0	1.0	1.0	0.0	0.0	1.0	0.0	0.0	0.0	0.0	0.0	0.0	0.0	0.0	0.0	0.0	0.0	0.0	0.0	0.0
100	0.0	0.0	0.0	0.0	0.0	0.0	0.0	0.0	0.0	0.0	0.0	0.0	0.0	0.0	0.0	0.0	0.0	0.0	0.0	0.0	0.0	0.0	0.0	0.0	0.0	0.0	0.0	0.0	0.0	0.0	0.0	0.0	0.0	0.0	0.0	0.0	0.0	0.0	0.0	0.0	0.0	0.0	0.0	0.0	0.0	0.0	0.0	0.0	0.0	0.0	0.0	0.0	0.0	0.0	0.0	0.0	0.0	0.0	0.0	0.0	0.0	0.0	0.0	0.0	0.0	1.0	0.0	1.0	0.0	0.0	0.0
101	0.0	0.0	1.0	1.0	0.0	1.0	1.0	1.0	2.0	1.0	0.0	2.0	0.0	0.0	0.0	0.0	1.0	0.0	0.0	1.0	2.0	1.0	0.0	0.0	0.0	0.0	0.0	0.0	0.0	0.0	1.0	0.0	0.0	0.0	0.0	1.0	0.0	0.0	0.0	0.0	0.0	0.0	0.0	0.0	0.0	0.0	0.0	1.0	0.0	0.0	0.0	2.0	0.0	2.0	0.0	2.0	1.0	2.0	2.0	2.0	0.0	1.0	0.0	3.0	1.0	2.0	2.0	1.0	2.0	2.0	0.0
102	0.0	0.0	0.0	0.0	0.0	0.0	0.0	0.0	0.0	0.0	0.0	0.0	0.0	0.0	0.0	0.0	0.0	0.0	0.0	0.0	0.0	0.0	0.0	0.0	0.0	0.0	0.0	0.0	0.0	0.0	0.0	0.0	0.0	0.0	0.0	0.0	0.0	0.0	0.0	0.0	0.0	0.0	0.0	0.0	0.0	0.0	0.0	0.0	0.0	1.0	0.0	0.0	0.0	0.0	0.0	0.0	0.0	0.0	0.0	0.0	0.0	0.0	0.0	0.0	0.0	0.0	0.0	0.0	0.0	0.0	0.0
103	0.0	0.0	0.0	0.0	0.0	0.0	0.0	0.0	0.0	0.0	0.0	0.0	0.0	0.0	0.0	0.0	0.0	0.0	0.0	0.0	0.0	0.0	0.0	0.0	0.0	0.0	0.0	0.0	0.0	0.0	0.0	0.0	0.0	0.0	0.0	0.0	0.0	0.0	0.0	0.0	0.0	0.0	0.0	1.0	2.0	0.0	0.0	0.0	0.0	0.0	0.0	0.0	0.0	0.0	0.0	0.0	0.0	0.0	0.0	0.0	0.0	0.0	0.0	0.0	0.0	0.0	0.0	0.0	0.0	0.0	0.0
104	0.0	3.0	3.0	3.0	1.0	2.0	3.0	3.0	3.0	3.0	2.0	1.0	1.0	1.0	0.0	0.0	1.0	0.0	0.0	0.0	2.0	0.0	0.0	3.0	1.0	0.0	0.0	3.0	0.0	2.0	2.0	2.0	0.0	3.0	0.0	4.0	3.0	1.0	4.0	0.0	2.0	1.0	1.0	4.0	0.0	0.0	1.0	0.0	0.0	2.0	0.0	0.0	1.0	0.0	0.0	1.0	7.0	2.0	0.0	1.0	1.0	1.0	1.0	0.0	1.0	2.0	3.0	2.0	0.0	1.0	1.0
105	0.0	0.0	0.0	0.0	0.0	0.0	0.0	0.0	0.0	0.0	0.0	0.0	0.0	0.0	1.0	0.0	1.0	1.0	0.0	0.0	0.0	0.0	0.0	0.0	0.0	0.0	0.0	0.0	0.0	0.0	0.0	0.0	0.0	0.0	0.0	0.0	0.0	0.0	0.0	0.0	0.0	0.0	0.0	0.0	0.0	0.0	0.0	0.0	0.0	0.0	0.0	0.0	0.0	0.0	0.0	0.0	0.0	0.0	0.0	0.0	0.0	0.0	0.0	0.0	1.0	0.0	0.0	2.0	0.0	0.0	0.0
106	0.0	0.0	0.0	0.0	0.0	0.0	0.0	0.0	0.0	0.0	0.0	0.0	0.0	0.0	0.0	0.0	0.0	0.0	0.0	0.0	0.0	0.0	0.0	0.0	0.0	0.0	0.0	0.0	0.0	0.0	0.0	0.0	0.0	0.0	0.0	0.0	0.0	0.0	0.0	0.0	0.0	0.0	0.0	0.0	2.0	0.0	0.0	0.0	0.0	0.0	0.0	0.0	0.0	0.0	0.0	0.0	0.0	0.0	0.0	0.0	0.0	0.0	0.0	0.0	0.0	0.0	0.0	0.0	0.0	0.0	0.0
108	4.0	0.0	0.0	0.0	0.0	0.0	0.0	0.0	1.0	0.0	1.0	0.0	2.0	1.0	8.0	3.0	4.0	3.0	4.0	2.0	2.0	3.0	1.0	1.0	2.0	0.0	1.0	1.0	0.0	1.0	1.0	0.0	3.0	0.0	0.0	0.0	0.0	0.0	0.0	0.0	0.0	0.0	1.0	1.0	0.0	3.0	0.0	1.0	1.0	0.0	2.0	1.0	1.0	1.0	1.0	2.0	0.0	3.0	1.0	3.0	2.0	4.0	2.0	2.0	2.0	4.0	0.0	4.0	1.0	2.0	2.0
109	0.0	0.0	0.0	0.0	1.0	0.0	0.0	0.0	0.0	1.0	0.0	0.0	0.0	0.0	0.0	0.0	0.0	0.0	0.0	0.0	0.0	0.0	0.0	0.0	0.0	1.0	0.0	0.0	0.0	0.0	2.0	0.0	1.0	0.0	0.0	0.0	0.0	2.0	1.0	0.0	1.0	2.0	0.0	1.0	1.0	0.0	0.0	1.0	0.0	0.0	0.0	0.0	4.0	1.0	0.0	0.0	1.0	0.0	0.0	0.0	0.0	0.0	0.0	0.0	0.0	0.0	0.0	0.0	0.0	0.0	0.0
11	0.0	0.0	0.0	0.0	0.0	0.0	0.0	0.0	0.0	0.0	0.0	0.0	0.0	0.0	0.0	0.0	0.0	0.0	0.0	0.0	0.0	0.0	0.0	0.0	0.0	0.0	0.0	0.0	0.0	0.0	0.0	0.0	1.0	0.0	0.0	0.0	0.0	0.0	0.0	0.0	0.0	2.0	0.0	0.0	0.0	0.0	0.0	0.0	0.0	0.0	0.0	0.0	2.0	0.0	0.0	0.0	0.0	0.0	0.0	0.0	0.0	0.0	0.0	0.0	0.0	0.0	0.0	0.0	0.0	0.0	0.0
110	1.0	2.0	2.0	1.0	2.0	1.0	3.0	3.0	2.0	1.0	2.0	1.0	1.0	1.0	2.0	2.0	1.0	1.0	2.0	0.0	2.0	1.0	0.0	1.0	1.0	1.0	2.0	2.0	2.0	2.0	0.0	2.0	2.0	1.0	0.0	1.0	1.0	1.0	1.0	3.0	0.0	2.0	1.0	3.0	2.0	2.0	1.0	1.0	1.0	0.0	0.0	1.0	2.0	1.0	1.0	0.0	2.0	1.0	2.0	1.0	2.0	3.0	2.0	0.0	2.0	1.0	1.0	1.0	0.0	1.0	2.0
111	0.0	0.0	0.0	0.0	0.0	0.0	0.0	0.0	0.0	0.0	0.0	0.0	0.0	0.0	0.0	0.0	0.0	0.0	0.0	0.0	0.0	0.0	0.0	0.0	0.0	0.0	0.0	0.0	0.0	0.0	0.0	0.0	1.0	0.0	0.0	0.0	0.0	0.0	0.0	0.0	0.0	1.0	0.0	0.0	0.0	0.0	0.0	0.0	0.0	0.0	0.0	0.0	1.0	0.0	0.0	0.0	0.0	0.0	0.0	0.0	0.0	0.0	0.0	0.0	0.0	0.0	0.0	0.0	0.0	0.0	0.0
112	1.0	2.0	2.0	2.0	2.0	2.0	1.0	1.0	1.0	2.0	1.0	1.0	1.0	1.0	1.0	1.0	1.0	1.0	1.0	1.0	1.0	1.0	2.0	1.0	1.0	1.0	1.0	1.0	2.0	1.0	2.0	1.0	2.0	1.0	4.0	2.0	2.0	2.0	1.0	1.0	2.0	1.0	2.0	2.0	1.0	1.0	1.0	2.0	1.0	1.0	2.0	1.0	2.0	1.0	1.0	1.0	2.0	1.0	1.0	1.0	1.0	1.0	1.0	1.0	1.0	1.0	1.0	1.0	1.0	1.0	1.0
113	0.0	2.0	3.0	1.0	0.0	2.0	2.0	1.0	3.0	3.0	4.0	1.0	3.0	1.0	2.0	1.0	0.0	1.0	4.0	1.0	2.0	1.0	1.0	1.0	2.0	2.0	1.0	0.0	3.0	4.0	2.0	2.0	4.0	5.0	1.0	2.0	1.0	5.0	4.0	1.0	5.0	4.0	0.0	1.0	0.0	1.0	1.0	1.0	0.0	1.0	1.0	0.0	5.0	2.0	0.0	0.0	2.0	3.0	1.0	1.0	1.0	3.0	1.0	2.0	2.0	1.0	2.0	1.0	0.0	0.0	1.0
115	2.0	2.0	2.0	2.0	2.0	2.0	1.0	2.0	1.0	3.0	3.0	2.0	3.0	3.0	3.0	2.0	3.0	3.0	3.0	3.0	2.0	2.0	3.0	1.0	2.0	3.0	3.0	2.0	3.0	2.0	3.0	2.0	2.0	1.0	3.0	2.0	2.0	3.0	4.0	2.0	2.0	2.0	3.0	2.0	2.0	2.0	2.0	2.0	3.0	2.0	2.0	2.0	1.0	2.0	2.0	2.0	2.0	2.0	2.0	3.0	1.0	2.0	3.0	1.0	3.0	3.0	3.0	2.0	2.0	2.0	4.0
117	0.0	1.0	1.0	0.0	1.0	2.0	0.0	0.0	3.0	3.0	0.0	0.0	1.0	1.0	5.0	0.0	3.0	2.0	2.0	2.0	1.0	3.0	0.0	0.0	0.0	0.0	0.0	0.0	0.0	0.0	1.0	1.0	1.0	1.0	0.0	1.0	1.0	0.0	1.0	0.0	0.0	0.0	0.0	0.0	0.0	0.0	0.0	0.0	0.0	0.0	1.0	2.0	1.0	2.0	2.0	0.0	1.0	8.0	4.0	2.0	0.0	6.0	3.0	6.0	3.0	2.0	4.0	3.0	2.0	0.0	4.0
119	1.0	1.0	2.0	2.0	3.0	2.0	1.0	3.0	2.0	2.0	1.0	1.0	1.0	1.0	1.0	1.0	1.0	2.0	1.0	1.0	2.0	2.0	2.0	2.0	1.0	2.0	2.0	2.0	2.0	2.0	2.0	2.0	2.0	2.0	2.0	2.0	2.0	1.0	2.0	1.0	2.0	2.0	2.0	1.0	2.0	1.0	2.0	2.0	1.0	1.0	2.0	1.0	2.0	1.0	2.0	2.0	2.0	1.0	1.0	2.0	1.0	1.0	1.0	1.0	2.0	1.0	1.0	2.0	2.0	1.0	1.0
12	0.0	0.0	0.0	0.0	0.0	0.0	0.0	0.0	0.0	0.0	0.0	0.0	0.0	0.0	0.0	0.0	0.0	0.0	0.0	0.0	0.0	0.0	0.0	0.0	1.0	1.0	0.0	0.0	0.0	0.0	0.0	0.0	0.0	0.0	0.0	0.0	0.0	0.0	0.0	0.0	0.0	0.0	0.0	0.0	0.0	0.0	0.0	0.0	0.0	0.0	0.0	0.0	0.0	0.0	0.0	0.0	0.0	0.0	0.0	0.0	1.0	0.0	0.0	0.0	0.0	0.0	0.0	0.0	0.0	0.0	0.0
120	11.0	1.0	0.0	1.0	0.0	0.0	2.0	1.0	1.0	1.0	5.0	0.0	8.0	5.0	11.0	8.0	3.0	9.0	21.0	4.0	10.0	7.0	0.0	0.0	0.0	5.0	0.0	0.0	2.0	0.0	2.0	1.0	0.0	1.0	0.0	1.0	1.0	1.0	1.0	7.0	2.0	1.0	0.0	0.0	0.0	11.0	0.0	0.0	0.0	0.0	0.0	0.0	0.0	0.0	0.0	0.0	0.0	11.0	15.0	5.0	3.0	7.0	11.0	4.0	10.0	12.0	20.0	7.0	7.0	4.0	3.0
121	6.0	2.0	2.0	3.0	3.0	3.0	4.0	3.0	3.0	2.0	3.0	3.0	3.0	3.0	7.0	4.0	4.0	5.0	5.0	3.0	2.0	1.0	3.0	5.0	2.0	4.0	3.0	3.0	2.0	3.0	2.0	3.0	3.0	2.0	1.0	3.0	1.0	2.0	2.0	3.0	3.0	3.0	2.0	3.0	4.0	4.0	2.0	3.0	3.0	3.0	3.0	1.0	3.0	2.0	3.0	2.0	3.0	4.0	3.0	4.0	4.0	3.0	1.0	4.0	5.0	4.0	4.0	5.0	2.0	1.0	5.0
123	5.0	3.0	5.0	1.0	1.0	0.0	1.0	1.0	1.0	1.0	9.0	1.0	3.0	2.0	15.0	3.0	4.0	5.0	35.0	1.0	1.0	1.0	1.0	0.0	3.0	1.0	3.0	1.0	1.0	0.0	1.0	1.0	0.0	1.0	1.0	1.0	1.0	1.0	1.0	1.0	1.0	1.0	1.0	0.0	2.0	2.0	2.0	1.0	1.0	0.0	1.0	1.0	1.0	1.0	1.0	1.0	2.0	1.0	0.0	1.0	2.0	46.0	3.0	1.0	3.0	1.0	1.0	4.0	0.0	0.0	37.0
124	0.0	0.0	0.0	0.0	0.0	0.0	0.0	0.0	0.0	0.0	0.0	0.0	0.0	0.0	0.0	0.0	0.0	0.0	0.0	0.0	0.0	0.0	0.0	0.0	0.0	0.0	0.0	0.0	0.0	0.0	0.0	0.0	0.0	0.0	0.0	0.0	0.0	0.0	0.0	0.0	0.0	0.0	0.0	0.0	0.0	0.0	0.0	0.0	0.0	1.0	0.0	0.0	2.0	0.0	0.0	0.0	0.0	0.0	0.0	0.0	0.0	0.0	0.0	0.0	0.0	0.0	0.0	0.0	0.0	0.0	0.0
126	0.0	0.0	0.0	0.0	0.0	0.0	0.0	0.0	0.0	0.0	0.0	0.0	0.0	0.0	0.0	0.0	0.0	0.0	0.0	0.0	0.0	0.0	0.0	0.0	0.0	0.0	0.0	0.0	0.0	0.0	0.0	0.0	0.0	0.0	0.0	0.0	0.0	0.0	0.0	0.0	0.0	0.0	0.0	0.0	0.0	0.0	0.0	0.0	0.0	0.0	0.0	0.0	0.0	0.0	0.0	0.0	0.0	0.0	0.0	0.0	0.0	0.0	0.0	0.0	1.0	0.0	0.0	1.0	0.0	0.0	0.0
127	1.0	2.0	2.0	2.0	1.0	2.0	2.0	2.0	2.0	2.0	4.0	3.0	5.0	3.0	1.0	1.0	3.0	2.0	1.0	2.0	2.0	1.0	1.0	2.0	2.0	2.0	3.0	3.0	2.0	2.0	3.0	3.0	1.0	1.0	3.0	1.0	2.0	1.0	3.0	2.0	2.0	2.0	2.0	2.0	1.0	0.0	3.0	1.0	3.0	2.0	3.0	2.0	1.0	2.0	2.0	2.0	2.0	2.0	2.0	1.0	2.0	1.0	0.0	3.0	1.0	2.0	1.0	1.0	1.0	2.0	2.0
128	4.0	1.0	1.0	1.0	1.0	1.0	1.0	1.0	1.0	1.0	1.0	0.0	1.0	1.0	6.0	5.0	2.0	3.0	9.0	2.0	3.0	4.0	1.0	1.0	1.0	2.0	1.0	1.0	1.0	1.0	1.0	1.0	3.0	1.0	1.0	2.0	1.0	1.0	1.0	1.0	1.0	3.0	1.0	1.0	1.0	2.0	1.0	1.0	1.0	1.0	1.0	1.0	1.0	1.0	1.0	1.0	1.0	3.0	2.0	3.0	1.0	4.0	3.0	2.0	3.0	1.0	4.0	4.0	2.0	1.0	4.0
130	2.0	8.0	9.0	1.0	3.0	5.0	3.0	6.0	7.0	14.0	4.0	0.0	4.0	3.0	0.0	4.0	4.0	2.0	1.0	2.0	7.0	0.0	2.0	1.0	5.0	2.0	3.0	3.0	9.0	8.0	9.0	7.0	12.0	10.0	8.0	9.0	12.0	4.0	10.0	2.0	7.0	12.0	7.0	6.0	4.0	0.0	3.0	4.0	1.0	2.0	8.0	4.0	6.0	6.0	5.0	5.0	15.0	1.0	3.0	5.0	2.0	3.0	4.0	0.0	7.0	5.0	10.0	11.0	7.0	11.0	4.0
132	6.0	4.0	5.0	1.0	3.0	5.0	3.0	1.0	5.0	6.0	6.0	1.0	7.0	5.0	7.0	7.0	3.0	5.0	7.0	4.0	4.0	4.0	1.0	5.0	4.0	2.0	3.0	6.0	5.0	5.0	3.0	6.0	4.0	7.0	1.0	4.0	2.0	4.0	5.0	3.0	3.0	2.0	3.0	1.0	1.0	1.0	1.0	2.0	1.0	1.0	5.0	1.0	3.0	4.0	2.0	2.0	3.0	4.0	4.0	5.0	2.0	3.0	3.0	5.0	7.0	5.0	2.0	7.0	4.0	3.0	8.0
133	0.0	2.0	3.0	1.0	0.0	3.0	0.0	1.0	3.0	2.0	1.0	0.0	2.0	2.0	0.0	0.0	0.0	0.0	1.0	0.0	0.0	1.0	0.0	0.0	0.0	1.0	1.0	2.0	0.0	0.0	0.0	1.0	0.0	2.0	0.0	0.0	0.0	0.0	1.0	0.0	1.0	0.0	0.0	0.0	0.0	0.0	1.0	0.0	2.0	0.0	0.0	0.0	1.0	0.0	0.0	0.0	1.0	0.0	1.0	0.0	1.0	1.0	1.0	0.0	2.0	2.0	2.0	1.0	1.0	0.0	5.0
134	2.0	0.0	0.0	1.0	1.0	0.0	0.0	1.0	1.0	1.0	2.0	0.0	2.0	2.0	3.0	0.0	1.0	1.0	1.0	1.0	0.0	2.0	0.0	0.0	0.0	1.0	1.0	1.0	0.0	0.0	1.0	1.0	0.0	0.0	0.0	0.0	0.0	1.0	0.0	0.0	2.0	0.0	0.0	1.0	0.0	3.0	0.0	1.0	0.0	0.0	1.0	1.0	1.0	1.0	1.0	0.0	1.0	2.0	2.0	0.0	0.0	2.0	0.0	0.0	2.0	3.0	0.0	1.0	1.0	1.0	4.0
135	1.0	0.0	1.0	1.0	1.0	0.0	0.0	1.0	1.0	1.0	0.0	0.0	1.0	1.0	0.0	1.0	1.0	1.0	1.0	1.0	1.0	0.0	1.0	0.0	0.0	1.0	1.0	1.0	1.0	0.0	1.0	0.0	1.0	1.0	0.0	1.0	1.0	1.0	1.0	1.0	1.0	0.0	1.0	1.0	0.0	0.0	1.0	1.0	1.0	1.0	1.0	0.0	1.0	1.0	1.0	1.0	1.0	1.0	1.0	1.0	1.0	1.0	1.0	1.0	1.0	0.0	1.0	1.0	1.0	1.0	0.0
138	5.0	0.0	1.0	0.0	0.0	0.0	0.0	0.0	0.0	0.0	0.0	0.0	1.0	0.0	12.0	5.0	5.0	7.0	8.0	3.0	2.0	4.0	0.0	0.0	0.0	0.0	0.0	0.0	0.0	0.0	0.0	0.0	1.0	0.0	0.0	0.0	0.0	0.0	0.0	0.0	0.0	0.0	0.0	0.0	0.0	3.0	0.0	0.0	0.0	0.0	0.0	0.0	0.0	0.0	0.0	0.0	0.0	4.0	0.0	1.0	0.0	6.0	0.0	6.0	6.0	4.0	2.0	6.0	2.0	2.0	6.0
139	1.0	0.0	0.0	0.0	1.0	0.0	0.0	1.0	0.0	0.0	0.0	0.0	0.0	0.0	0.0	0.0	1.0	0.0	0.0	0.0	0.0	2.0	0.0	0.0	0.0	0.0	0.0	0.0	0.0	0.0	0.0	0.0	0.0	0.0	0.0	0.0	0.0	0.0	0.0	0.0	0.0	0.0	0.0	0.0	0.0	0.0	0.0	1.0	1.0	0.0	0.0	1.0	0.0	1.0	0.0	1.0	0.0	0.0	0.0	1.0	0.0	0.0	0.0	1.0	0.0	1.0	0.0	0.0	0.0	1.0	0.0
14	5.0	0.0	0.0	0.0	0.0	0.0	0.0	0.0	0.0	0.0	0.0	0.0	0.0	0.0	4.0	4.0	2.0	2.0	5.0	1.0	1.0	4.0	0.0	0.0	0.0	2.0	0.0	0.0	1.0	0.0	0.0	0.0	1.0	0.0	0.0	0.0	0.0	0.0	1.0	0.0	1.0	0.0	1.0	0.0	0.0	2.0	0.0	0.0	0.0	0.0	0.0	0.0	0.0	0.0	0.0	0.0	0.0	3.0	2.0	2.0	0.0	4.0	1.0	4.0	4.0	4.0	1.0	4.0	4.0	3.0	3.0
140	3.0	7.0	7.0	7.0	5.0	8.0	7.0	9.0	5.0	8.0	4.0	2.0	3.0	3.0	3.0	4.0	3.0	4.0	3.0	3.0	5.0	5.0	9.0	5.0	5.0	4.0	4.0	4.0	11.0	10.0	11.0	10.0	10.0	12.0	9.0	11.0	8.0	5.0	10.0	5.0	5.0	9.0	11.0	5.0	3.0	3.0	5.0	5.0	3.0	3.0	7.0	4.0	7.0	4.0	6.0	5.0	7.0	5.0	5.0	5.0	4.0	4.0	3.0	4.0	6.0	3.0	4.0	6.0	6.0	3.0	4.0
141	0.0	1.0	1.0	1.0	2.0	1.0	2.0	3.0	2.0	3.0	0.0	1.0	1.0	0.0	0.0	0.0	0.0	0.0	0.0	0.0	0.0	2.0	0.0	0.0	0.0	1.0	0.0	0.0	5.0	1.0	5.0	12.0	5.0	2.0	1.0	3.0	1.0	2.0	1.0	0.0	1.0	7.0	2.0	3.0	0.0	0.0	1.0	0.0	0.0	5.0	2.0	4.0	8.0	1.0	0.0	0.0	5.0	2.0	1.0	1.0	0.0	0.0	0.0	0.0	1.0	1.0	0.0	1.0	1.0	0.0	0.0
142	0.0	0.0	0.0	0.0	0.0	0.0	0.0	0.0	0.0	0.0	0.0	0.0	0.0	0.0	0.0	0.0	0.0	0.0	0.0	0.0	0.0	0.0	0.0	0.0	0.0	0.0	0.0	0.0	0.0	0.0	0.0	0.0	0.0	0.0	0.0	0.0	0.0	0.0	0.0	0.0	0.0	0.0	0.0	0.0	0.0	0.0	0.0	0.0	0.0	0.0	0.0	0.0	0.0	0.0	0.0	0.0	0.0	0.0	0.0	0.0	0.0	0.0	1.0	0.0	1.0	4.0	0.0	1.0	0.0	0.0	1.0
143	0.0	0.0	0.0	0.0	0.0	0.0	0.0	0.0	0.0	0.0	0.0	0.0	0.0	0.0	0.0	0.0	0.0	0.0	1.0	0.0	0.0	0.0	0.0	0.0	0.0	0.0	0.0	0.0	0.0	0.0	0.0	0.0	0.0	0.0	0.0	0.0	0.0	0.0	0.0	0.0	0.0	0.0	0.0	0.0	0.0	0.0	0.0	0.0	0.0	0.0	0.0	0.0	0.0	0.0	0.0	0.0	0.0	0.0	0.0	0.0	0.0	1.0	0.0	0.0	0.0	0.0	0.0	0.0	0.0	0.0	1.0
144	0.0	0.0	0.0	0.0	0.0	0.0	0.0	0.0	0.0	0.0	0.0	0.0	0.0	0.0	0.0	0.0	0.0	0.0	0.0	0.0	0.0	0.0	0.0	0.0	0.0	0.0	1.0	1.0	0.0	0.0	0.0	0.0	0.0	0.0	0.0	0.0	0.0	0.0	0.0	0.0	0.0	0.0	0.0	0.0	0.0	0.0	0.0	0.0	0.0	0.0	0.0	0.0	0.0	0.0	0.0	0.0	0.0	0.0	0.0	0.0	0.0	0.0	0.0	0.0	0.0	0.0	0.0	0.0	0.0	0.0	0.0
145	1.0	0.0	1.0	0.0	1.0	0.0	0.0	0.0	0.0	1.0	4.0	0.0	1.0	0.0	2.0	1.0	0.0	0.0	4.0	1.0	1.0	2.0	0.0	1.0	0.0	1.0	0.0	0.0	0.0	0.0	1.0	0.0	4.0	0.0	0.0	1.0	0.0	0.0	0.0	1.0	1.0	2.0	0.0	0.0	0.0	3.0	0.0	0.0	0.0	0.0	0.0	0.0	1.0	0.0	0.0	0.0	0.0	1.0	2.0	1.0	0.0	5.0	1.0	0.0	0.0	2.0	3.0	0.0	1.0	0.0	0.0
146	4.0	0.0	0.0	0.0	0.0	0.0	0.0	0.0	0.0	0.0	1.0	0.0	1.0	0.0	4.0	3.0	1.0	1.0	4.0	0.0	0.0	2.0	0.0	0.0	0.0	0.0	0.0	0.0	0.0	0.0	0.0	0.0	1.0	0.0	0.0	0.0	0.0	0.0	0.0	0.0	0.0	0.0	0.0	0.0	0.0	1.0	0.0	0.0	0.0	0.0	0.0	0.0	0.0	0.0	0.0	0.0	0.0	1.0	0.0	4.0	0.0	1.0	1.0	2.0	4.0	1.0	1.0	4.0	1.0	1.0	3.0
147	0.0	0.0	0.0	0.0	0.0	0.0	0.0	0.0	0.0	0.0	0.0	0.0	0.0	0.0	0.0	0.0	0.0	0.0	0.0	0.0	0.0	0.0	0.0	0.0	0.0	0.0	0.0	0.0	0.0	0.0	0.0	0.0	0.0	0.0	1.0	0.0	1.0	0.0	0.0	0.0	0.0	0.0	0.0	0.0	0.0	0.0	0.0	0.0	0.0	0.0	0.0	0.0	0.0	0.0	0.0	0.0	0.0	0.0	0.0	0.0	0.0	0.0	0.0	0.0	0.0	0.0	0.0	0.0	0.0	0.0	0.0
148	0.0	2.0	2.0	1.0	0.0	0.0	4.0	1.0	0.0	0.0	0.0	0.0	0.0	0.0	0.0	0.0	0.0	0.0	0.0	0.0	0.0	0.0	0.0	0.0	0.0	0.0	0.0	0.0	0.0	0.0	0.0	0.0	0.0	0.0	0.0	0.0	0.0	0.0	0.0	0.0	0.0	0.0	0.0	0.0	0.0	1.0	6.0	0.0	0.0	0.0	0.0	0.0	0.0	0.0	0.0	0.0	0.0	3.0	8.0	4.0	0.0	0.0	0.0	3.0	4.0	0.0	0.0	3.0	0.0	1.0	0.0
149	8.0	7.0	10.0	0.0	6.0	6.0	9.0	7.0	8.0	18.0	4.0	1.0	2.0	3.0	3.0	4.0	4.0	5.0	0.0	4.0	5.0	1.0	2.0	1.0	5.0	2.0	0.0	0.0	8.0	5.0	14.0	7.0	6.0	7.0	4.0	6.0	5.0	7.0	10.0	4.0	7.0	7.0	6.0	3.0	1.0	0.0	6.0	9.0	0.0	3.0	11.0	6.0	9.0	8.0	5.0	5.0	6.0	0.0	6.0	6.0	3.0	2.0	5.0	0.0	10.0	7.0	7.0	7.0	4.0	5.0	5.0
151	0.0	1.0	1.0	1.0	1.0	1.0	1.0	0.0	1.0	1.0	1.0	1.0	1.0	1.0	0.0	0.0	1.0	1.0	0.0	1.0	1.0	1.0	0.0	0.0	1.0	0.0	1.0	0.0	2.0	5.0	0.0	2.0	5.0	4.0	1.0	4.0	3.0	2.0	3.0	1.0	2.0	5.0	1.0	1.0	0.0	1.0	1.0	1.0	1.0	1.0	1.0	1.0	4.0	1.0	1.0	1.0	1.0	1.0	1.0	0.0	1.0	0.0	0.0	0.0	1.0	1.0	1.0	0.0	0.0	1.0	0.0
152	0.0	0.0	0.0	0.0	0.0	0.0	0.0	0.0	0.0	0.0	0.0	0.0	0.0	0.0	0.0	0.0	0.0	0.0	0.0	0.0	0.0	0.0	0.0	0.0	0.0	0.0	0.0	0.0	0.0	0.0	0.0	0.0	0.0	0.0	0.0	0.0	0.0	0.0	0.0	0.0	0.0	0.0	0.0	0.0	0.0	0.0	0.0	0.0	0.0	0.0	0.0	0.0	0.0	0.0	0.0	0.0	0.0	0.0	0.0	0.0	0.0	6.0	1.0	0.0	0.0	0.0	0.0	0.0	0.0	0.0	12.0
153	13.0	4.0	3.0	1.0	4.0	3.0	1.0	2.0	5.0	4.0	6.0	3.0	4.0	4.0	13.0	8.0	9.0	13.0	22.0	2.0	3.0	13.0	1.0	3.0	2.0	6.0	3.0	1.0	4.0	2.0	4.0	6.0	5.0	3.0	3.0	3.0	2.0	4.0	5.0	4.0	6.0	3.0	4.0	3.0	1.0	3.0	2.0	2.0	1.0	2.0	4.0	2.0	2.0	4.0	2.0	2.0	4.0	6.0	6.0	4.0	3.0	12.0	2.0	7.0	14.0	3.0	7.0	14.0	8.0	3.0	11.0
154	0.0	0.0	0.0	0.0	0.0	0.0	0.0	0.0	0.0	0.0	0.0	0.0	0.0	0.0	0.0	0.0	2.0	2.0	1.0	0.0	0.0	0.0	0.0	0.0	0.0	0.0	0.0	0.0	0.0	0.0	0.0	0.0	0.0	0.0	0.0	0.0	0.0	0.0	0.0	0.0	0.0	0.0	0.0	0.0	0.0	0.0	0.0	0.0	0.0	0.0	0.0	0.0	0.0	0.0	0.0	0.0	0.0	0.0	0.0	1.0	0.0	2.0	0.0	0.0	1.0	0.0	1.0	1.0	0.0	0.0	0.0
155	5.0	8.0	7.0	7.0	5.0	6.0	8.0	7.0	8.0	8.0	11.0	11.0	11.0	8.0	7.0	5.0	6.0	6.0	6.0	6.0	9.0	3.0	6.0	6.0	5.0	6.0	6.0	7.0	8.0	6.0	6.0	8.0	8.0	7.0	3.0	7.0	9.0	9.0	8.0	5.0	9.0	9.0	5.0	5.0	3.0	4.0	10.0	5.0	5.0	7.0	5.0	5.0	4.0	4.0	5.0	5.0	7.0	4.0	8.0	7.0	6.0	6.0	6.0	4.0	7.0	9.0	12.0	6.0	5.0	5.0	3.0
156	1.0	2.0	2.0	2.0	1.0	1.0	2.0	2.0	1.0	2.0	1.0	0.0	1.0	1.0	1.0	1.0	1.0	1.0	1.0	1.0	1.0	1.0	2.0	1.0	1.0	1.0	1.0	1.0	2.0	2.0	2.0	2.0	3.0	2.0	1.0	2.0	2.0	1.0	2.0	1.0	2.0	2.0	2.0	1.0	1.0	1.0	1.0	2.0	1.0	1.0	2.0	2.0	3.0	1.0	2.0	1.0	2.0	1.0	1.0	1.0	1.0	1.0	1.0	1.0	2.0	1.0	1.0	1.0	1.0	1.0	1.0
163	3.0	7.0	9.0	4.0	6.0	7.0	6.0	5.0	7.0	9.0	13.0	7.0	6.0	6.0	12.0	4.0	9.0	7.0	7.0	5.0	8.0	4.0	3.0	4.0	4.0	5.0	7.0	4.0	10.0	7.0	7.0	5.0	5.0	7.0	6.0	2.0	7.0	5.0	9.0	6.0	6.0	6.0	8.0	5.0	2.0	5.0	4.0	7.0	6.0	8.0	7.0	5.0	7.0	8.0	8.0	7.0	10.0	4.0	6.0	9.0	4.0	6.0	3.0	3.0	9.0	8.0	14.0	10.0	4.0	5.0	4.0
164	0.0	0.0	0.0	0.0	0.0	0.0	0.0	0.0	0.0	0.0	0.0	0.0	0.0	0.0	0.0	0.0	0.0	0.0	0.0	0.0	0.0	0.0	0.0	0.0	0.0	0.0	0.0	0.0	4.0	3.0	2.0	3.0	5.0	4.0	3.0	1.0	0.0	1.0	4.0	0.0	3.0	6.0	1.0	0.0	0.0	0.0	0.0	0.0	0.0	1.0	0.0	0.0	3.0	0.0	0.0	0.0	1.0	0.0	0.0	0.0	0.0	0.0	0.0	0.0	0.0	0.0	0.0	0.0	0.0	0.0	0.0
165	6.0	0.0	0.0	0.0	0.0	0.0	0.0	0.0	0.0	0.0	2.0	0.0	1.0	0.0	10.0	4.0	2.0	5.0	10.0	1.0	2.0	5.0	0.0	0.0	0.0	0.0	0.0	0.0	0.0	0.0	0.0	0.0	2.0	0.0	0.0	0.0	0.0	0.0	0.0	0.0	1.0	2.0	0.0	0.0	0.0	4.0	0.0	0.0	0.0	0.0	0.0	0.0	0.0	0.0	0.0	0.0	0.0	5.0	0.0	5.0	0.0	8.0	4.0	6.0	5.0	2.0	1.0	7.0	6.0	4.0	8.0
166	0.0	0.0	0.0	0.0	0.0	0.0	0.0	0.0	0.0	0.0	0.0	0.0	0.0	0.0	0.0	0.0	1.0	1.0	1.0	0.0	0.0	0.0	0.0	0.0	0.0	0.0	0.0	0.0	0.0	0.0	0.0	0.0	0.0	0.0	0.0	0.0	0.0	0.0	0.0	0.0	0.0	0.0	0.0	0.0	0.0	0.0	0.0	0.0	0.0	0.0	0.0	0.0	0.0	0.0	0.0	0.0	0.0	0.0	1.0	0.0	0.0	0.0	0.0	0.0	0.0	0.0	0.0	0.0	0.0	0.0	0.0
167	5.0	3.0	3.0	6.0	3.0	4.0	0.0	2.0	8.0	6.0	1.0	0.0	6.0	4.0	5.0	0.0	4.0	6.0	2.0	3.0	3.0	7.0	0.0	0.0	2.0	1.0	3.0	1.0	1.0	3.0	6.0	3.0	1.0	3.0	1.0	1.0	2.0	0.0	3.0	0.0	0.0	1.0	2.0	3.0	1.0	0.0	4.0	7.0	3.0	3.0	5.0	6.0	4.0	7.0	6.0	3.0	3.0	10.0	7.0	1.0	2.0	4.0	4.0	3.0	3.0	8.0	5.0	2.0	6.0	0.0	3.0
168	0.0	0.0	0.0	1.0	0.0	0.0	0.0	0.0	0.0	0.0	0.0	0.0	0.0	0.0	0.0	0.0	0.0	0.0	0.0	0.0	0.0	0.0	0.0	0.0	0.0	0.0	0.0	0.0	0.0	1.0	0.0	1.0	0.0	1.0	3.0	2.0	0.0	0.0	0.0	0.0	0.0	0.0	3.0	0.0	1.0	0.0	0.0	0.0	0.0	0.0	0.0	0.0	0.0	0.0	0.0	0.0	0.0	0.0	0.0	0.0	0.0	0.0	0.0	0.0	0.0	0.0	0.0	0.0	0.0	0.0	0.0
169	2.0	0.0	0.0	0.0	0.0	0.0	0.0	0.0	0.0	0.0	1.0	0.0	2.0	1.0	0.0	1.0	0.0	2.0	0.0	1.0	2.0	2.0	0.0	0.0	0.0	0.0	0.0	0.0	0.0	0.0	0.0	0.0	0.0	0.0	0.0	0.0	0.0	0.0	0.0	1.0	0.0	0.0	0.0	0.0	0.0	2.0	0.0	0.0	0.0	0.0	0.0	0.0	0.0	0.0	0.0	0.0	0.0	4.0	4.0	0.0	0.0	2.0	1.0	0.0	2.0	1.0	5.0	1.0	3.0	1.0	0.0
17	0.0	0.0	0.0	0.0	0.0	0.0	0.0	0.0	0.0	0.0	0.0	0.0	0.0	0.0	0.0	0.0	0.0	0.0	0.0	0.0	0.0	0.0	0.0	0.0	0.0	0.0	0.0	0.0	0.0	0.0	0.0	0.0	0.0	0.0	0.0	0.0	0.0	0.0	0.0	0.0	0.0	0.0	0.0	0.0	0.0	0.0	0.0	0.0	0.0	0.0	0.0	0.0	0.0	0.0	0.0	0.0	0.0	0.0	0.0	0.0	0.0	0.0	0.0	0.0	1.0	0.0	0.0	0.0	0.0	0.0	0.0
171	7.0	8.0	10.0	7.0	8.0	8.0	8.0	9.0	8.0	8.0	9.0	7.0	9.0	10.0	9.0	9.0	8.0	8.0	11.0	8.0	9.0	6.0	8.0	8.0	8.0	8.0	9.0	9.0	9.0	7.0	9.0	9.0	7.0	7.0	8.0	8.0	7.0	10.0	10.0	8.0	9.0	7.0	8.0	9.0	6.0	6.0	9.0	7.0	6.0	8.0	8.0	7.0	8.0	7.0	8.0	7.0	9.0	7.0	8.0	9.0	7.0	7.0	7.0	8.0	7.0	9.0	11.0	7.0	8.0	5.0	9.0
172	17.0	5.0	4.0	5.0	5.0	3.0	4.0	3.0	4.0	4.0	3.0	5.0	4.0	2.0	23.0	17.0	16.0	18.0	26.0	9.0	6.0	14.0	4.0	3.0	3.0	4.0	3.0	2.0	6.0	6.0	5.0	6.0	7.0	6.0	5.0	4.0	5.0	5.0	5.0	3.0	6.0	7.0	5.0	5.0	2.0	15.0	2.0	7.0	3.0	4.0	8.0	4.0	9.0	5.0	5.0	4.0	9.0	12.0	5.0	7.0	3.0	14.0	4.0	14.0	15.0	13.0	6.0	17.0	12.0	7.0	15.0
173	10.0	4.0	4.0	3.0	3.0	6.0	4.0	4.0	3.0	3.0	5.0	3.0	7.0	3.0	15.0	10.0	5.0	5.0	10.0	3.0	5.0	8.0	4.0	3.0	4.0	6.0	3.0	3.0	4.0	4.0	4.0	4.0	4.0	4.0	2.0	5.0	2.0	5.0	4.0	3.0	4.0	3.0	4.0	4.0	1.0	11.0	3.0	3.0	2.0	4.0	4.0	4.0	5.0	3.0	3.0	3.0	4.0	8.0	8.0	7.0	3.0	6.0	5.0	10.0	11.0	11.0	7.0	11.0	9.0	6.0	6.0
174	0.0	0.0	0.0	0.0	0.0	0.0	1.0	0.0	0.0	0.0	0.0	1.0	0.0	0.0	0.0	1.0	0.0	0.0	2.0	0.0	0.0	0.0	0.0	1.0	1.0	1.0	0.0	0.0	1.0	0.0	1.0	0.0	0.0	0.0	0.0	0.0	0.0	0.0	0.0	0.0	0.0	0.0	0.0	0.0	0.0	0.0	1.0	0.0	0.0	0.0	0.0	0.0	0.0	0.0	0.0	0.0	0.0	0.0	0.0	0.0	1.0	0.0	0.0	0.0	1.0	0.0	0.0	0.0	0.0	0.0	3.0
176	0.0	0.0	0.0	0.0	0.0	0.0	0.0	0.0	0.0	0.0	1.0	0.0	0.0	0.0	1.0	0.0	0.0	0.0	1.0	0.0	0.0	0.0	0.0	0.0	0.0	0.0	0.0	0.0	0.0	0.0	0.0	0.0	0.0	0.0	0.0	0.0	0.0	0.0	0.0	0.0	0.0	0.0	0.0	0.0	0.0	0.0	0.0	0.0	0.0	0.0	0.0	0.0	0.0	0.0	0.0	0.0	0.0	0.0	0.0	0.0	0.0	1.0	0.0	0.0	0.0	0.0	0.0	0.0	0.0	0.0	0.0
177	0.0	0.0	0.0	0.0	0.0	0.0	0.0	1.0	0.0	0.0	0.0	0.0	1.0	1.0	1.0	2.0	0.0	0.0	0.0	1.0	0.0	1.0	0.0	1.0	0.0	1.0	0.0	0.0	1.0	1.0	0.0	1.0	0.0	0.0	0.0	0.0	0.0	1.0	1.0	1.0	1.0	0.0	0.0	0.0	0.0	3.0	0.0	0.0	0.0	0.0	0.0	0.0	0.0	0.0	1.0	0.0	0.0	0.0	1.0	0.0	0.0	1.0	0.0	1.0	1.0	1.0	1.0	1.0	1.0	0.0	0.0
178	4.0	0.0	0.0	0.0	0.0	0.0	0.0	0.0	0.0	0.0	0.0	0.0	0.0	0.0	5.0	1.0	4.0	4.0	5.0	1.0	0.0	3.0	0.0	0.0	0.0	0.0	0.0	0.0	0.0	0.0	0.0	0.0	0.0	0.0	0.0	0.0	0.0	0.0	0.0	0.0	0.0	0.0	0.0	0.0	0.0	3.0	0.0	0.0	0.0	0.0	0.0	0.0	0.0	0.0	0.0	0.0	0.0	1.0	0.0	0.0	0.0	1.0	0.0	3.0	3.0	0.0	0.0	4.0	2.0	0.0	4.0
179	1.0	1.0	2.0	0.0	0.0	1.0	3.0	3.0	4.0	5.0	1.0	0.0	1.0	2.0	0.0	0.0	0.0	0.0	0.0	0.0	1.0	0.0	1.0	0.0	0.0	0.0	0.0	0.0	5.0	4.0	8.0	6.0	5.0	5.0	4.0	3.0	3.0	3.0	5.0	0.0	6.0	7.0	5.0	2.0	0.0	0.0	0.0	5.0	0.0	3.0	5.0	3.0	9.0	3.0	2.0	4.0	2.0	0.0	0.0	1.0	0.0	0.0	0.0	0.0	0.0	0.0	0.0	0.0	0.0	0.0	0.0
18	0.0	0.0	0.0	0.0	0.0	0.0	0.0	0.0	0.0	0.0	0.0	0.0	0.0	0.0	0.0	0.0	0.0	0.0	0.0	0.0	0.0	0.0	0.0	0.0	0.0	0.0	0.0	0.0	0.0	0.0	0.0	0.0	0.0	0.0	0.0	0.0	0.0	0.0	0.0	0.0	0.0	0.0	0.0	0.0	0.0	0.0	0.0	0.0	0.0	0.0	0.0	0.0	1.0	0.0	0.0	0.0	0.0	0.0	0.0	0.0	0.0	0.0	0.0	0.0	0.0	0.0	0.0	0.0	0.0	0.0	0.0
181	2.0	1.0	1.0	0.0	0.0	0.0	1.0	1.0	0.0	0.0	1.0	2.0	0.0	1.0	3.0	0.0	2.0	1.0	5.0	1.0	0.0	0.0	0.0	0.0	0.0	0.0	0.0	0.0	0.0	1.0	1.0	0.0	1.0	1.0	0.0	1.0	1.0	1.0	1.0	0.0	1.0	1.0	1.0	0.0	0.0	0.0	0.0	0.0	0.0	0.0	0.0	0.0	1.0	0.0	0.0	0.0	0.0	1.0	0.0	2.0	0.0	7.0	0.0	0.0	3.0	1.0	0.0	2.0	0.0	0.0	0.0
182	0.0	0.0	0.0	0.0	0.0	0.0	0.0	0.0	0.0	0.0	1.0	0.0	1.0	0.0	1.0	0.0	0.0	0.0	1.0	0.0	0.0	0.0	0.0	0.0	0.0	0.0	0.0	0.0	0.0	0.0	0.0	0.0	0.0	0.0	0.0	0.0	0.0	0.0	0.0	0.0	0.0	0.0	0.0	0.0	0.0	0.0	0.0	0.0	0.0	0.0	0.0	0.0	0.0	0.0	0.0	0.0	0.0	0.0	0.0	0.0	0.0	1.0	0.0	0.0	0.0	0.0	0.0	0.0	0.0	0.0	0.0
183	0.0	0.0	1.0	0.0	0.0	1.0	0.0	0.0	1.0	1.0	0.0	0.0	1.0	1.0	0.0	0.0	0.0	0.0	0.0	0.0	0.0	1.0	1.0	0.0	0.0	0.0	0.0	0.0	0.0	0.0	0.0	0.0	0.0	0.0	0.0	0.0	1.0	0.0	0.0	0.0	0.0	0.0	1.0	0.0	0.0	0.0	0.0	1.0	0.0	0.0	1.0	0.0	0.0	1.0	1.0	1.0	0.0	1.0	1.0	0.0	1.0	1.0	1.0	1.0	1.0	0.0	0.0	0.0	1.0	0.0	0.0
186	1.0	0.0	0.0	0.0	0.0	0.0	0.0	0.0	0.0	0.0	0.0	0.0	0.0	0.0	1.0	1.0	0.0	1.0	1.0	0.0	0.0	1.0	0.0	0.0	0.0	1.0	0.0	0.0	0.0	0.0	0.0	0.0	1.0	0.0	0.0	0.0	0.0	0.0	0.0	0.0	0.0	0.0	0.0	0.0	0.0	1.0	0.0	0.0	0.0	0.0	0.0	0.0	0.0	0.0	0.0	0.0	0.0	1.0	0.0	1.0	0.0	1.0	1.0	1.0	1.0	1.0	1.0	1.0	1.0	1.0	1.0
189	0.0	0.0	0.0	0.0	0.0	0.0	0.0	0.0	0.0	0.0	1.0	0.0	0.0	0.0	0.0	0.0	0.0	0.0	0.0	0.0	0.0	0.0	0.0	0.0	0.0	0.0	0.0	0.0	0.0	0.0	0.0	0.0	1.0	0.0	0.0	0.0	0.0	0.0	0.0	0.0	0.0	1.0	0.0	0.0	0.0	0.0	0.0	0.0	0.0	0.0	0.0	0.0	0.0	0.0	0.0	0.0	0.0	0.0	0.0	0.0	0.0	0.0	0.0	0.0	0.0	0.0	0.0	0.0	0.0	0.0	0.0
19	0.0	0.0	0.0	0.0	0.0	0.0	0.0	0.0	0.0	0.0	3.0	0.0	0.0	0.0	2.0	0.0	1.0	2.0	2.0	0.0	0.0	0.0	0.0	0.0	0.0	0.0	0.0	0.0	0.0	0.0	0.0	0.0	1.0	0.0	0.0	0.0	0.0	0.0	0.0	0.0	0.0	0.0	0.0	0.0	0.0	0.0	0.0	0.0	0.0	0.0	0.0	0.0	0.0	0.0	0.0	0.0	0.0	0.0	0.0	0.0	0.0	2.0	0.0	0.0	0.0	0.0	2.0	1.0	0.0	0.0	0.0
190	0.0	1.0	1.0	1.0	1.0	1.0	1.0	1.0	1.0	1.0	1.0	0.0	1.0	1.0	1.0	1.0	1.0	1.0	1.0	1.0	1.0	0.0	1.0	0.0	1.0	1.0	1.0	1.0	1.0	0.0	0.0	1.0	0.0	1.0	0.0	1.0	1.0	1.0	1.0	1.0	1.0	1.0	1.0	1.0	1.0	1.0	1.0	1.0	1.0	0.0	0.0	1.0	1.0	1.0	1.0	1.0	1.0	0.0	1.0	1.0	1.0	1.0	1.0	0.0	1.0	1.0	1.0	1.0	1.0	1.0	1.0
191	1.0	2.0	4.0	1.0	0.0	0.0	0.0	2.0	3.0	2.0	1.0	0.0	1.0	1.0	3.0	0.0	3.0	4.0	1.0	1.0	1.0	3.0	1.0	0.0	2.0	0.0	0.0	1.0	0.0	0.0	1.0	0.0	0.0	1.0	0.0	1.0	0.0	0.0	0.0	0.0	1.0	0.0	0.0	9.0	9.0	0.0	1.0	2.0	0.0	1.0	1.0	1.0	1.0	2.0	2.0	2.0	1.0	8.0	4.0	2.0	0.0	3.0	1.0	7.0	3.0	2.0	4.0	0.0	6.0	1.0	6.0
192	0.0	0.0	0.0	0.0	0.0	0.0	0.0	0.0	0.0	0.0	0.0	0.0	0.0	0.0	0.0	0.0	0.0	0.0	1.0	0.0	0.0	0.0	0.0	0.0	0.0	0.0	0.0	0.0	0.0	0.0	0.0	0.0	0.0	0.0	0.0	0.0	0.0	0.0	0.0	0.0	0.0	0.0	0.0	0.0	0.0	0.0	0.0	0.0	0.0	0.0	0.0	0.0	0.0	0.0	0.0	0.0	0.0	0.0	0.0	0.0	0.0	0.0	0.0	0.0	0.0	0.0	1.0	0.0	0.0	0.0	0.0
194	0.0	0.0	0.0	0.0	0.0	0.0	0.0	0.0	0.0	0.0	0.0	0.0	0.0	0.0	1.0	0.0	0.0	0.0	0.0	0.0	0.0	0.0	0.0	0.0	0.0	0.0	0.0	0.0	0.0	0.0	0.0	0.0	0.0	0.0	0.0	0.0	0.0	0.0	0.0	0.0	0.0	0.0	0.0	0.0	0.0	0.0	0.0	0.0	0.0	0.0	0.0	0.0	0.0	0.0	0.0	0.0	0.0	0.0	0.0	0.0	0.0	0.0	1.0	0.0	0.0	0.0	0.0	0.0	0.0	0.0	0.0
195	0.0	0.0	0.0	0.0	0.0	0.0	0.0	0.0	0.0	0.0	0.0	0.0	0.0	0.0	1.0	0.0	0.0	0.0	1.0	0.0	0.0	1.0	0.0	0.0	0.0	0.0	0.0	0.0	0.0	0.0	0.0	0.0	0.0	0.0	0.0	0.0	0.0	0.0	0.0	0.0	0.0	0.0	0.0	0.0	0.0	0.0	0.0	0.0	0.0	0.0	0.0	0.0	0.0	0.0	0.0	0.0	0.0	1.0	0.0	0.0	0.0	1.0	0.0	0.0	1.0	0.0	0.0	1.0	0.0	0.0	1.0
196	3.0	0.0	0.0	0.0	0.0	0.0	0.0	0.0	0.0	0.0	2.0	1.0	2.0	1.0	3.0	0.0	5.0	6.0	3.0	2.0	1.0	0.0	0.0	1.0	0.0	0.0	0.0	0.0	0.0	0.0	0.0	0.0	0.0	0.0	0.0	0.0	0.0	0.0	0.0	0.0	0.0	0.0	0.0	0.0	0.0	0.0	0.0	0.0	0.0	0.0	0.0	0.0	0.0	0.0	0.0	0.0	0.0	0.0	0.0	0.0	0.0	2.0	1.0	0.0	4.0	0.0	5.0	4.0	0.0	0.0	4.0
197	0.0	0.0	0.0	0.0	0.0	0.0	0.0	0.0	0.0	0.0	0.0	0.0	0.0	0.0	0.0	0.0	0.0	0.0	0.0	0.0	0.0	0.0	0.0	0.0	0.0	0.0	0.0	0.0	2.0	0.0	0.0	2.0	2.0	1.0	0.0	0.0	0.0	2.0	2.0	0.0	2.0	2.0	0.0	0.0	0.0	0.0	0.0	0.0	0.0	0.0	2.0	0.0	2.0	0.0	0.0	0.0	0.0	0.0	0.0	0.0	0.0	0.0	0.0	0.0	0.0	0.0	0.0	0.0	0.0	0.0	0.0
199	3.0	7.0	8.0	9.0	7.0	9.0	2.0	7.0	12.0	9.0	1.0	1.0	1.0	1.0	1.0	2.0	3.0	4.0	1.0	1.0	5.0	9.0	7.0	4.0	7.0	3.0	3.0	2.0	2.0	6.0	10.0	6.0	5.0	7.0	4.0	7.0	4.0	4.0	7.0	3.0	4.0	3.0	3.0	3.0	2.0	1.0	5.0	7.0	5.0	3.0	5.0	8.0	3.0	5.0	1.0	6.0	7.0	8.0	3.0	8.0	5.0	2.0	2.0	9.0	4.0	7.0	5.0	3.0	5.0	3.0	3.0
2	0.0	2.0	2.0	2.0	1.0	2.0	0.0	2.0	2.0	2.0	1.0	0.0	1.0	1.0	0.0	0.0	0.0	1.0	0.0	1.0	1.0	0.0	0.0	0.0	0.0	0.0	1.0	1.0	0.0	0.0	1.0	2.0	1.0	2.0	2.0	1.0	2.0	1.0	1.0	0.0	0.0	0.0	1.0	0.0	0.0	1.0	2.0	2.0	1.0	2.0	1.0	2.0	0.0	2.0	2.0	2.0	1.0	2.0	2.0	0.0	0.0	0.0	0.0	2.0	0.0	2.0	2.0	0.0	2.0	0.0	0.0
21	1.0	1.0	1.0	2.0	1.0	1.0	1.0	1.0	1.0	1.0	1.0	0.0	1.0	1.0	1.0	1.0	1.0	1.0	1.0	1.0	1.0	1.0	1.0	1.0	1.0	1.0	1.0	1.0	2.0	1.0	2.0	2.0	1.0	1.0	1.0	1.0	1.0	1.0	1.0	1.0	1.0	1.0	1.0	1.0	1.0	1.0	1.0	1.0	1.0	1.0	1.0	1.0	1.0	1.0	1.0	1.0	1.0	1.0	1.0	1.0	1.0	1.0	1.0	1.0	1.0	1.0	1.0	1.0	1.0	1.0	1.0
26	0.0	1.0	1.0	0.0	0.0	0.0	1.0	1.0	0.0	0.0	0.0	1.0	0.0	0.0	0.0	0.0	0.0	0.0	0.0	0.0	0.0	0.0	0.0	0.0	0.0	0.0	0.0	0.0	0.0	2.0	1.0	1.0	2.0	2.0	0.0	2.0	1.0	1.0	1.0	0.0	2.0	2.0	1.0	0.0	0.0	0.0	0.0	0.0	0.0	0.0	0.0	0.0	2.0	0.0	0.0	0.0	0.0	0.0	0.0	0.0	0.0	0.0	0.0	0.0	0.0	0.0	0.0	0.0	0.0	0.0	0.0
27	0.0	1.0	1.0	1.0	0.0	0.0	0.0	1.0	0.0	0.0	0.0	0.0	0.0	0.0	0.0	0.0	1.0	1.0	0.0	0.0	0.0	0.0	1.0	0.0	1.0	0.0	0.0	0.0	0.0	0.0	0.0	0.0	0.0	0.0	0.0	1.0	0.0	0.0	0.0	0.0	0.0	0.0	0.0	3.0	4.0	0.0	1.0	0.0	0.0	0.0	0.0	0.0	1.0	0.0	0.0	0.0	1.0	1.0	0.0	0.0	0.0	0.0	0.0	1.0	0.0	0.0	0.0	0.0	0.0	0.0	0.0
28	3.0	1.0	0.0	0.0	0.0	0.0	1.0	0.0	0.0	0.0	3.0	0.0	4.0	4.0	9.0	1.0	1.0	5.0	6.0	2.0	3.0	1.0	0.0	0.0	0.0	0.0	0.0	0.0	0.0	0.0	1.0	1.0	1.0	0.0	0.0	1.0	1.0	1.0	0.0	1.0	2.0	2.0	0.0	0.0	0.0	3.0	0.0	0.0	0.0	0.0	0.0	0.0	0.0	0.0	0.0	0.0	0.0	4.0	6.0	2.0	1.0	4.0	4.0	3.0	6.0	3.0	5.0	3.0	2.0	1.0	6.0
3	3.0	2.0	4.0	2.0	5.0	5.0	4.0	5.0	5.0	8.0	1.0	1.0	0.0	1.0	0.0	1.0	1.0	1.0	0.0	2.0	2.0	1.0	2.0	0.0	3.0	3.0	0.0	0.0	2.0	2.0	8.0	3.0	1.0	2.0	0.0	2.0	3.0	2.0	3.0	4.0	3.0	0.0	3.0	1.0	0.0	0.0	5.0	4.0	1.0	0.0	4.0	3.0	1.0	3.0	3.0	4.0	1.0	1.0	2.0	2.0	1.0	1.0	1.0	1.0	3.0	4.0	2.0	2.0	1.0	0.0	1.0
30	3.0	4.0	4.0	3.0	4.0	4.0	3.0	3.0	3.0	3.0	7.0	3.0	6.0	6.0	4.0	3.0	4.0	5.0	5.0	5.0	4.0	2.0	2.0	3.0	3.0	3.0	5.0	4.0	4.0	6.0	4.0	5.0	4.0	6.0	6.0	4.0	4.0	3.0	4.0	3.0	5.0	5.0	5.0	3.0	2.0	3.0	4.0	2.0	4.0	3.0	5.0	3.0	7.0	4.0	3.0	4.0	6.0	4.0	3.0	4.0	5.0	5.0	3.0	3.0	4.0	4.0	6.0	5.0	1.0	2.0	4.0
33	2.0	0.0	0.0	0.0	0.0	0.0	0.0	0.0	0.0	0.0	4.0	0.0	3.0	4.0	7.0	0.0	2.0	4.0	5.0	0.0	0.0	1.0	0.0	1.0	0.0	0.0	0.0	0.0	0.0	2.0	0.0	2.0	2.0	2.0	0.0	2.0	1.0	0.0	1.0	0.0	1.0	2.0	0.0	1.0	0.0	0.0	0.0	0.0	0.0	0.0	0.0	0.0	2.0	0.0	0.0	0.0	0.0	1.0	0.0	2.0	0.0	11.0	0.0	0.0	6.0	3.0	0.0	3.0	0.0	0.0	3.0
34	3.0	5.0	7.0	4.0	4.0	6.0	2.0	3.0	10.0	11.0	4.0	1.0	4.0	4.0	2.0	3.0	4.0	4.0	2.0	3.0	1.0	3.0	0.0	3.0	4.0	3.0	1.0	4.0	7.0	1.0	9.0	8.0	3.0	5.0	6.0	4.0	4.0	6.0	6.0	3.0	4.0	4.0	3.0	4.0	2.0	0.0	7.0	4.0	5.0	3.0	4.0	2.0	3.0	4.0	1.0	2.0	5.0	5.0	5.0	2.0	4.0	0.0	2.0	2.0	7.0	5.0	2.0	2.0	6.0	3.0	3.0
35	0.0	1.0	1.0	0.0	0.0	1.0	0.0	1.0	1.0	1.0	1.0	0.0	1.0	1.0	0.0	0.0	0.0	1.0	1.0	1.0	0.0	0.0	0.0	0.0	0.0	0.0	1.0	1.0	0.0	1.0	0.0	1.0	1.0	1.0	1.0	1.0	0.0	1.0	0.0	0.0	1.0	1.0	0.0	1.0	0.0	1.0	1.0	1.0	1.0	0.0	1.0	0.0	1.0	0.0	1.0	1.0	1.0	0.0	0.0	0.0	0.0	0.0	0.0	0.0	0.0	1.0	1.0	0.0	0.0	0.0	3.0
36	0.0	1.0	1.0	0.0	0.0	0.0	1.0	1.0	0.0	1.0	0.0	0.0	0.0	0.0	0.0	0.0	0.0	0.0	0.0	0.0	0.0	0.0	1.0	0.0	0.0	0.0	0.0	0.0	0.0	1.0	1.0	0.0	1.0	1.0	0.0	1.0	0.0	0.0	1.0	0.0	0.0	1.0	1.0	0.0	0.0	0.0	0.0	1.0	0.0	0.0	0.0	1.0	1.0	1.0	1.0	1.0	0.0	0.0	0.0	0.0	0.0	0.0	0.0	0.0	0.0	0.0	0.0	0.0	0.0	0.0	0.0
38	0.0	0.0	0.0	0.0	0.0	0.0	0.0	0.0	0.0	0.0	0.0	0.0	0.0	0.0	0.0	0.0	1.0	1.0	1.0	0.0	0.0	1.0	0.0	0.0	0.0	0.0	0.0	0.0	0.0	0.0	0.0	0.0	0.0	0.0	0.0	0.0	0.0	0.0	0.0	0.0	0.0	0.0	0.0	0.0	0.0	0.0	0.0	0.0	0.0	0.0	0.0	0.0	0.0	0.0	0.0	0.0	0.0	0.0	0.0	0.0	0.0	0.0	0.0	0.0	0.0	0.0	0.0	0.0	0.0	0.0	0.0
40	0.0	3.0	2.0	2.0	2.0	2.0	2.0	2.0	2.0	2.0	0.0	0.0	0.0	0.0	0.0	0.0	1.0	1.0	0.0	0.0	1.0	1.0	1.0	2.0	0.0	0.0	0.0	0.0	4.0	1.0	5.0	12.0	11.0	2.0	3.0	2.0	2.0	2.0	2.0	0.0	3.0	10.0	1.0	4.0	0.0	0.0	1.0	2.0	1.0	5.0	4.0	2.0	6.0	2.0	1.0	1.0	4.0	2.0	0.0	1.0	0.0	0.0	0.0	1.0	0.0	1.0	1.0	0.0	1.0	1.0	0.0
42	0.0	0.0	0.0	0.0	0.0	0.0	0.0	0.0	0.0	0.0	0.0	0.0	0.0	0.0	0.0	0.0	0.0	0.0	0.0	0.0	0.0	0.0	0.0	0.0	0.0	0.0	0.0	0.0	0.0	0.0	0.0	0.0	0.0	0.0	0.0	0.0	0.0	0.0	0.0	0.0	0.0	0.0	0.0	0.0	0.0	0.0	0.0	0.0	0.0	0.0	0.0	0.0	0.0	0.0	0.0	0.0	1.0	0.0	0.0	0.0	0.0	0.0	1.0	0.0	1.0	0.0	0.0	0.0	0.0	0.0	1.0
44	4.0	4.0	4.0	4.0	4.0	5.0	4.0	5.0	5.0	5.0	6.0	5.0	5.0	5.0	5.0	6.0	4.0	5.0	5.0	3.0	5.0	5.0	4.0	6.0	5.0	5.0	5.0	5.0	5.0	5.0	5.0	6.0	5.0	4.0	5.0	4.0	3.0	5.0	4.0	4.0	3.0	2.0	4.0	5.0	5.0	5.0	3.0	5.0	5.0	4.0	3.0	1.0	6.0	5.0	4.0	4.0	4.0	4.0	5.0	3.0	4.0	5.0	2.0	3.0	3.0	4.0	3.0	3.0	5.0	1.0	6.0
45	0.0	0.0	0.0	0.0	0.0	0.0	0.0	0.0	0.0	0.0	0.0	0.0	0.0	0.0	1.0	1.0	1.0	1.0	1.0	0.0	0.0	1.0	0.0	0.0	0.0	0.0	0.0	0.0	0.0	0.0	0.0	0.0	0.0	0.0	0.0	0.0	0.0	0.0	0.0	0.0	0.0	0.0	0.0	0.0	0.0	0.0	0.0	0.0	0.0	0.0	0.0	0.0	0.0	0.0	0.0	0.0	0.0	0.0	0.0	0.0	0.0	0.0	0.0	1.0	1.0	0.0	0.0	1.0	0.0	0.0	1.0
46	1.0	0.0	0.0	0.0	0.0	0.0	0.0	0.0	0.0	0.0	1.0	0.0	1.0	0.0	1.0	1.0	0.0	1.0	1.0	0.0	0.0	0.0	0.0	0.0	0.0	1.0	0.0	0.0	0.0	0.0	0.0	0.0	0.0	0.0	0.0	0.0	0.0	0.0	0.0	0.0	0.0	0.0	0.0	0.0	0.0	1.0	0.0	0.0	0.0	0.0	0.0	0.0	0.0	0.0	0.0	0.0	0.0	1.0	1.0	1.0	0.0	1.0	0.0	1.0	1.0	1.0	0.0	1.0	1.0	1.0	1.0
48	0.0	3.0	2.0	0.0	0.0	0.0	5.0	1.0	0.0	0.0	0.0	0.0	0.0	0.0	0.0	0.0	0.0	0.0	0.0	0.0	0.0	1.0	0.0	0.0	0.0	0.0	0.0	0.0	0.0	0.0	0.0	0.0	0.0	0.0	0.0	0.0	0.0	0.0	0.0	0.0	0.0	0.0	0.0	0.0	0.0	1.0	0.0	0.0	0.0	0.0	0.0	0.0	0.0	0.0	0.0	0.0	0.0	0.0	1.0	3.0	0.0	0.0	1.0	1.0	0.0	0.0	0.0	2.0	3.0	2.0	0.0
49	0.0	0.0	0.0	0.0	0.0	0.0	0.0	0.0	0.0	0.0	0.0	2.0	0.0	0.0	0.0	0.0	0.0	0.0	0.0	0.0	0.0	0.0	0.0	0.0	0.0	0.0	0.0	0.0	0.0	0.0	0.0	0.0	0.0	0.0	0.0	0.0	0.0	0.0	0.0	0.0	0.0	0.0	0.0	0.0	0.0	0.0	0.0	0.0	0.0	0.0	0.0	0.0	0.0	0.0	0.0	0.0	0.0	0.0	0.0	0.0	0.0	0.0	0.0	0.0	0.0	0.0	0.0	0.0	0.0	0.0	0.0
50	1.0	0.0	0.0	0.0	0.0	0.0	0.0	0.0	0.0	0.0	0.0	0.0	0.0	0.0	1.0	0.0	1.0	1.0	1.0	0.0	0.0	0.0	0.0	0.0	0.0	0.0	0.0	0.0	0.0	0.0	0.0	0.0	0.0	0.0	0.0	0.0	0.0	0.0	0.0	0.0	0.0	0.0	0.0	0.0	0.0	0.0	0.0	0.0	0.0	0.0	0.0	0.0	0.0	0.0	0.0	0.0	0.0	0.0	0.0	0.0	0.0	0.0	0.0	0.0	0.0	0.0	0.0	0.0	0.0	0.0	0.0
51	0.0	1.0	1.0	0.0	0.0	0.0	3.0	2.0	0.0	0.0	0.0	0.0	0.0	0.0	0.0	0.0	1.0	1.0	0.0	1.0	0.0	1.0	0.0	0.0	0.0	0.0	0.0	0.0	0.0	0.0	0.0	0.0	0.0	0.0	0.0	0.0	0.0	0.0	0.0	0.0	0.0	0.0	0.0	0.0	0.0	0.0	0.0	0.0	0.0	0.0	0.0	0.0	0.0	0.0	0.0	0.0	0.0	1.0	0.0	1.0	0.0	0.0	5.0	2.0	1.0	0.0	0.0	3.0	0.0	2.0	1.0
55	0.0	3.0	1.0	4.0	0.0	3.0	1.0	3.0	2.0	3.0	0.0	0.0	0.0	0.0	0.0	0.0	0.0	0.0	0.0	0.0	0.0	0.0	0.0	0.0	0.0	0.0	0.0	0.0	0.0	0.0	1.0	0.0	0.0	0.0	1.0	0.0	0.0	0.0	0.0	0.0	0.0	0.0	0.0	0.0	0.0	0.0	1.0	0.0	0.0	0.0	0.0	0.0	0.0	0.0	0.0	0.0	1.0	0.0	1.0	0.0	0.0	0.0	0.0	0.0	0.0	0.0	1.0	0.0	0.0	0.0	1.0
57	1.0	0.0	0.0	1.0	1.0	1.0	0.0	1.0	1.0	0.0	0.0	0.0	0.0	0.0	0.0	0.0	0.0	0.0	0.0	0.0	0.0	1.0	0.0	0.0	0.0	0.0	0.0	0.0	0.0	0.0	0.0	0.0	0.0	0.0	0.0	0.0	1.0	0.0	0.0	0.0	0.0	0.0	0.0	0.0	0.0	0.0	1.0	1.0	1.0	0.0	1.0	1.0	0.0	1.0	1.0	1.0	1.0	1.0	0.0	1.0	0.0	0.0	0.0	1.0	0.0	1.0	1.0	0.0	1.0	1.0	0.0
58	1.0	0.0	0.0	0.0	0.0	0.0	0.0	0.0	0.0	0.0	0.0	0.0	0.0	0.0	0.0	1.0	2.0	2.0	1.0	0.0	0.0	0.0	0.0	0.0	0.0	0.0	0.0	0.0	0.0	0.0	0.0	0.0	0.0	0.0	0.0	0.0	0.0	0.0	0.0	0.0	0.0	0.0	0.0	0.0	0.0	1.0	0.0	0.0	0.0	0.0	0.0	0.0	0.0	0.0	0.0	0.0	0.0	0.0	0.0	0.0	0.0	0.0	0.0	0.0	1.0	0.0	0.0	0.0	0.0	0.0	1.0
59	0.0	2.0	0.0	0.0	0.0	0.0	0.0	0.0	0.0	0.0	1.0	0.0	0.0	0.0	1.0	2.0	0.0	0.0	1.0	0.0	1.0	0.0	0.0	0.0	0.0	3.0	0.0	0.0	0.0	0.0	0.0	0.0	1.0	0.0	0.0	0.0	0.0	0.0	0.0	0.0	0.0	1.0	0.0	0.0	0.0	2.0	0.0	0.0	0.0	0.0	0.0	0.0	0.0	0.0	0.0	0.0	0.0	0.0	1.0	1.0	0.0	2.0	1.0	0.0	0.0	1.0	3.0	1.0	2.0	3.0	0.0
60	8.0	1.0	2.0	1.0	1.0	2.0	0.0	0.0	2.0	1.0	2.0	0.0	2.0	1.0	15.0	8.0	3.0	4.0	9.0	1.0	1.0	7.0	2.0	3.0	0.0	0.0	1.0	1.0	0.0	2.0	2.0	3.0	0.0	4.0	1.0	1.0	0.0	4.0	2.0	1.0	5.0	0.0	2.0	2.0	0.0	7.0	0.0	2.0	2.0	3.0	2.0	0.0	0.0	3.0	2.0	3.0	0.0	9.0	3.0	4.0	1.0	6.0	2.0	7.0	6.0	7.0	3.0	6.0	6.0	4.0	6.0
62	1.0	1.0	1.0	1.0	1.0	1.0	1.0	1.0	1.0	1.0	1.0	1.0	1.0	1.0	1.0	1.0	1.0	1.0	1.0	1.0	1.0	1.0	1.0	1.0	1.0	1.0	1.0	1.0	1.0	1.0	1.0	1.0	1.0	1.0	2.0	1.0	1.0	1.0	0.0	1.0	0.0	1.0	1.0	1.0	1.0	0.0	1.0	1.0	1.0	1.0	1.0	1.0	1.0	1.0	1.0	1.0	1.0	1.0	0.0	0.0	1.0	0.0	1.0	2.0	1.0	1.0	0.0	1.0	1.0	1.0	1.0
63	0.0	0.0	0.0	0.0	0.0	0.0	0.0	0.0	0.0	0.0	0.0	0.0	0.0	0.0	0.0	0.0	1.0	1.0	0.0	0.0	0.0	0.0	0.0	0.0	0.0	0.0	0.0	0.0	0.0	0.0	0.0	0.0	0.0	0.0	0.0	0.0	0.0	0.0	0.0	0.0	0.0	0.0	0.0	0.0	0.0	0.0	0.0	0.0	0.0	0.0	0.0	0.0	0.0	0.0	0.0	0.0	0.0	2.0	0.0	0.0	0.0	0.0	0.0	0.0	0.0	0.0	0.0	0.0	0.0	0.0	0.0
64	0.0	6.0	2.0	7.0	0.0	6.0	3.0	5.0	5.0	5.0	0.0	0.0	0.0	0.0	0.0	0.0	0.0	0.0	0.0	0.0	0.0	0.0	1.0	0.0	0.0	0.0	0.0	0.0	2.0	0.0	2.0	2.0	3.0	2.0	4.0	1.0	0.0	2.0	2.0	0.0	3.0	3.0	1.0	5.0	0.0	0.0	2.0	0.0	0.0	1.0	0.0	0.0	3.0	0.0	0.0	0.0	1.0	0.0	0.0	0.0	0.0	0.0	0.0	0.0	0.0	0.0	0.0	0.0	0.0	0.0	0.0
65	1.0	1.0	1.0	0.0	1.0	1.0	1.0	1.0	1.0	1.0	1.0	0.0	1.0	1.0	1.0	1.0	0.0	2.0	1.0	1.0	2.0	0.0	1.0	1.0	1.0	1.0	1.0	0.0	0.0	1.0	1.0	1.0	1.0	1.0	1.0	1.0	1.0	1.0	1.0	0.0	1.0	1.0	0.0	0.0	1.0	2.0	1.0	0.0	0.0	1.0	1.0	0.0	1.0	1.0	0.0	0.0	1.0	1.0	1.0	1.0	1.0	1.0	2.0	1.0	2.0	1.0	1.0	1.0	1.0	1.0	2.0
66	2.0	3.0	3.0	4.0	1.0	2.0	2.0	3.0	5.0	6.0	2.0	2.0	4.0	1.0	3.0	1.0	1.0	5.0	1.0	3.0	4.0	5.0	1.0	1.0	1.0	2.0	3.0	1.0	2.0	3.0	3.0	1.0	2.0	3.0	2.0	2.0	2.0	3.0	3.0	0.0	2.0	2.0	0.0	0.0	0.0	1.0	2.0	6.0	2.0	1.0	2.0	2.0	3.0	5.0	3.0	2.0	3.0	7.0	4.0	2.0	0.0	6.0	2.0	3.0	3.0	6.0	3.0	2.0	3.0	0.0	3.0
67	1.0	0.0	1.0	1.0	0.0	0.0	0.0	0.0	1.0	1.0	0.0	0.0	2.0	1.0	1.0	2.0	0.0	0.0	2.0	2.0	2.0	1.0	0.0	1.0	0.0	2.0	0.0	1.0	1.0	0.0	0.0	1.0	0.0	0.0	0.0	0.0	1.0	1.0	1.0	1.0	1.0	0.0	0.0	0.0	0.0	0.0	1.0	1.0	0.0	0.0	1.0	0.0	1.0	0.0	0.0	0.0	1.0	1.0	1.0	1.0	0.0	1.0	0.0	1.0	2.0	1.0	1.0	1.0	1.0	1.0	2.0
68	0.0	1.0	0.0	0.0	0.0	0.0	0.0	0.0	1.0	0.0	0.0	0.0	2.0	2.0	0.0	0.0	0.0	1.0	1.0	0.0	0.0	0.0	0.0	0.0	0.0	0.0	1.0	1.0	0.0	0.0	0.0	2.0	1.0	0.0	0.0	1.0	1.0	1.0	0.0	0.0	1.0	1.0	0.0	0.0	0.0	0.0	0.0	0.0	0.0	0.0	0.0	0.0	0.0	0.0	0.0	0.0	0.0	1.0	2.0	0.0	0.0	0.0	0.0	1.0	0.0	0.0	1.0	0.0	1.0	0.0	0.0
69	0.0	1.0	1.0	2.0	1.0	1.0	1.0	1.0	2.0	2.0	1.0	0.0	0.0	1.0	1.0	0.0	2.0	1.0	1.0	1.0	1.0	1.0	0.0	0.0	8.0	3.0	1.0	0.0	0.0	0.0	2.0	1.0	0.0	0.0	1.0	0.0	1.0	1.0	2.0	1.0	0.0	0.0	0.0	0.0	0.0	0.0	2.0	1.0	2.0	0.0	0.0	2.0	0.0	2.0	0.0	1.0	1.0	2.0	2.0	2.0	0.0	0.0	0.0	1.0	1.0	1.0	1.0	0.0	0.0	0.0	0.0
7	2.0	0.0	0.0	0.0	0.0	0.0	0.0	0.0	0.0	0.0	0.0	0.0	0.0	0.0	2.0	2.0	0.0	0.0	1.0	0.0	1.0	2.0	0.0	0.0	0.0	2.0	0.0	0.0	0.0	0.0	0.0	0.0	0.0	0.0	0.0	0.0	0.0	0.0	0.0	0.0	0.0	0.0	0.0	0.0	0.0	2.0	0.0	0.0	0.0	0.0	0.0	0.0	0.0	0.0	0.0	0.0	0.0	1.0	1.0	0.0	0.0	0.0	0.0	1.0	2.0	1.0	1.0	1.0	1.0	0.0	0.0
72	0.0	0.0	0.0	0.0	0.0	0.0	0.0	0.0	0.0	0.0	0.0	0.0	0.0	0.0	1.0	0.0	0.0	0.0	1.0	0.0	1.0	0.0	0.0	0.0	0.0	0.0	0.0	0.0	0.0	0.0	0.0	0.0	0.0	0.0	0.0	0.0	0.0	0.0	0.0	0.0	0.0	0.0	0.0	0.0	0.0	0.0	0.0	0.0	0.0	0.0	0.0	0.0	0.0	0.0	0.0	0.0	0.0	0.0	0.0	0.0	0.0	0.0	0.0	0.0	0.0	1.0	0.0	0.0	0.0	0.0	0.0
73	1.0	0.0	1.0	0.0	0.0	0.0	0.0	0.0	0.0	0.0	0.0	0.0	1.0	0.0	1.0	1.0	0.0	1.0	1.0	0.0	1.0	1.0	0.0	0.0	0.0	0.0	0.0	0.0	0.0	0.0	0.0	0.0	0.0	0.0	0.0	0.0	0.0	0.0	0.0	0.0	0.0	0.0	0.0	0.0	0.0	2.0	0.0	1.0	0.0	0.0	0.0	0.0	0.0	1.0	1.0	0.0	1.0	1.0	1.0	1.0	0.0	1.0	0.0	1.0	1.0	1.0	1.0	1.0	1.0	0.0	1.0
74	0.0	3.0	3.0	0.0	2.0	1.0	2.0	2.0	3.0	4.0	1.0	0.0	1.0	1.0	0.0	1.0	2.0	2.0	0.0	2.0	5.0	0.0	2.0	0.0	3.0	1.0	0.0	0.0	6.0	6.0	5.0	3.0	3.0	5.0	5.0	4.0	4.0	0.0	4.0	2.0	3.0	6.0	3.0	5.0	0.0	0.0	2.0	3.0	0.0	2.0	2.0	3.0	1.0	4.0	3.0	2.0	7.0	0.0	2.0	4.0	0.0	1.0	0.0	0.0	5.0	4.0	1.0	6.0	1.0	2.0	1.0
75	0.0	0.0	0.0	0.0	0.0	0.0	0.0	0.0	0.0	0.0	0.0	0.0	0.0	0.0	1.0	0.0	0.0	0.0	0.0	0.0	0.0	0.0	0.0	0.0	0.0	0.0	0.0	0.0	0.0	0.0	0.0	0.0	0.0	0.0	0.0	0.0	0.0	0.0	0.0	0.0	0.0	0.0	0.0	0.0	0.0	1.0	0.0	0.0	0.0	0.0	0.0	0.0	0.0	0.0	0.0	0.0	0.0	0.0	0.0	0.0	0.0	0.0	0.0	1.0	0.0	0.0	0.0	0.0	0.0	0.0	0.0
76	2.0	4.0	5.0	3.0	2.0	5.0	2.0	3.0	6.0	5.0	2.0	2.0	2.0	2.0	2.0	2.0	2.0	2.0	2.0	2.0	3.0	3.0	2.0	2.0	4.0	3.0	2.0	2.0	3.0	4.0	3.0	4.0	5.0	5.0	4.0	2.0	3.0	4.0	4.0	3.0	4.0	4.0	3.0	3.0	4.0	2.0	4.0	4.0	3.0	4.0	3.0	4.0	4.0	4.0	4.0	4.0	2.0	5.0	4.0	2.0	4.0	2.0	3.0	5.0	3.0	3.0	5.0	3.0	4.0	2.0	3.0
78	1.0	0.0	1.0	0.0	1.0	0.0	0.0	1.0	0.0	1.0	0.0	0.0	0.0	0.0	0.0	0.0	0.0	0.0	0.0	0.0	0.0	1.0	0.0	0.0	0.0	0.0	0.0	0.0	0.0	0.0	0.0	0.0	0.0	0.0	0.0	1.0	1.0	0.0	1.0	0.0	1.0	0.0	0.0	1.0	0.0	0.0	0.0	0.0	0.0	0.0	0.0	0.0	1.0	0.0	0.0	0.0	1.0	0.0	0.0	1.0	0.0	0.0	0.0	0.0	1.0	0.0	0.0	0.0	0.0	0.0	0.0
8	1.0	0.0	0.0	0.0	0.0	0.0	0.0	0.0	0.0	0.0	0.0	0.0	0.0	1.0	0.0	0.0	1.0	0.0	1.0	0.0	0.0	0.0	0.0	2.0	0.0	0.0	0.0	0.0	0.0	0.0	0.0	0.0	0.0	0.0	0.0	0.0	0.0	0.0	0.0	0.0	0.0	0.0	0.0	0.0	0.0	0.0	0.0	0.0	0.0	0.0	0.0	0.0	0.0	0.0	0.0	0.0	0.0	0.0	0.0	0.0	0.0	2.0	0.0	0.0	1.0	1.0	0.0	1.0	0.0	0.0	0.0
80	2.0	2.0	2.0	2.0	2.0	1.0	2.0	2.0	2.0	2.0	1.0	0.0	1.0	0.0	1.0	1.0	2.0	2.0	1.0	0.0	2.0	1.0	2.0	1.0	2.0	0.0	0.0	0.0	1.0	2.0	2.0	2.0	1.0	2.0	2.0	2.0	2.0	2.0	2.0	1.0	2.0	1.0	2.0	2.0	0.0	0.0	2.0	2.0	0.0	1.0	1.0	2.0	1.0	2.0	2.0	2.0	1.0	1.0	2.0	2.0	0.0	0.0	1.0	1.0	2.0	1.0	1.0	2.0	2.0	1.0	3.0
81	0.0	0.0	0.0	0.0	0.0	0.0	0.0	0.0	0.0	0.0	0.0	0.0	0.0	0.0	0.0	0.0	0.0	0.0	0.0	0.0	0.0	0.0	0.0	0.0	0.0	0.0	0.0	0.0	1.0	1.0	1.0	1.0	0.0	1.0	1.0	1.0	0.0	0.0	1.0	0.0	0.0	0.0	1.0	0.0	0.0	0.0	0.0	0.0	0.0	0.0	0.0	0.0	0.0	0.0	0.0	0.0	0.0	0.0	0.0	0.0	0.0	0.0	0.0	0.0	0.0	0.0	0.0	0.0	0.0	0.0	0.0
82	0.0	0.0	0.0	0.0	0.0	0.0	0.0	0.0	0.0	0.0	0.0	0.0	0.0	0.0	1.0	0.0	0.0	0.0	0.0	0.0	0.0	0.0	0.0	0.0	0.0	0.0	0.0	0.0	0.0	0.0	0.0	0.0	0.0	0.0	0.0	0.0	0.0	0.0	0.0	0.0	0.0	0.0	0.0	0.0	0.0	0.0	0.0	0.0	0.0	0.0	0.0	0.0	0.0	0.0	0.0	0.0	0.0	0.0	0.0	0.0	0.0	1.0	0.0	0.0	0.0	0.0	0.0	0.0	0.0	0.0	1.0
83	0.0	0.0	0.0	0.0	0.0	1.0	0.0	0.0	0.0	0.0	0.0	0.0	0.0	0.0	0.0	0.0	0.0	0.0	0.0	0.0	0.0	0.0	0.0	0.0	0.0	0.0	0.0	0.0	0.0	0.0	1.0	0.0	0.0	0.0	0.0	0.0	0.0	0.0	0.0	0.0	0.0	0.0	0.0	0.0	0.0	0.0	0.0	0.0	0.0	0.0	0.0	0.0	0.0	0.0	0.0	0.0	0.0	0.0	0.0	0.0	0.0	0.0	0.0	0.0	0.0	0.0	0.0	0.0	0.0	0.0	0.0
84	1.0	0.0	0.0	0.0	0.0	0.0	1.0	0.0	0.0	1.0	1.0	0.0	0.0	0.0	0.0	0.0	1.0	1.0	0.0	1.0	0.0	0.0	0.0	0.0	0.0	0.0	0.0	0.0	1.0	1.0	1.0	1.0	0.0	1.0	1.0	1.0	0.0	0.0	0.0	0.0	0.0	1.0	1.0	0.0	0.0	0.0	1.0	0.0	0.0	1.0	0.0	0.0	0.0	0.0	0.0	0.0	2.0	1.0	1.0	1.0	1.0	0.0	1.0	0.0	2.0	1.0	1.0	1.0	0.0	0.0	1.0
85	2.0	0.0	0.0	0.0	0.0	0.0	0.0	0.0	0.0	0.0	0.0	0.0	0.0	0.0	0.0	4.0	0.0	0.0	1.0	0.0	0.0	1.0	0.0	0.0	0.0	0.0	0.0	0.0	0.0	0.0	0.0	0.0	0.0	0.0	0.0	0.0	0.0	0.0	0.0	0.0	0.0	0.0	0.0	0.0	0.0	1.0	0.0	0.0	0.0	0.0	0.0	0.0	0.0	0.0	0.0	0.0	0.0	1.0	0.0	0.0	0.0	1.0	0.0	1.0	1.0	1.0	3.0	1.0	3.0	1.0	0.0
86	8.0	7.0	8.0	0.0	4.0	7.0	8.0	9.0	8.0	18.0	4.0	1.0	4.0	4.0	4.0	7.0	4.0	7.0	1.0	4.0	5.0	2.0	2.0	2.0	6.0	0.0	1.0	2.0	9.0	10.0	19.0	12.0	4.0	8.0	8.0	9.0	9.0	6.0	11.0	4.0	5.0	7.0	10.0	1.0	1.0	0.0	6.0	4.0	0.0	2.0	6.0	4.0	5.0	7.0	6.0	4.0	3.0	0.0	8.0	14.0	3.0	1.0	7.0	0.0	12.0	9.0	7.0	9.0	4.0	6.0	5.0
87	7.0	0.0	1.0	0.0	0.0	0.0	0.0	0.0	0.0	0.0	1.0	0.0	0.0	0.0	10.0	3.0	10.0	10.0	11.0	0.0	0.0	11.0	0.0	0.0	0.0	0.0	0.0	0.0	0.0	0.0	0.0	0.0	1.0	0.0	0.0	0.0	0.0	0.0	0.0	0.0	0.0	0.0	0.0	0.0	0.0	8.0	0.0	0.0	0.0	0.0	0.0	0.0	0.0	0.0	1.0	0.0	0.0	6.0	3.0	2.0	0.0	10.0	2.0	10.0	8.0	4.0	1.0	5.0	9.0	3.0	12.0
88	0.0	0.0	0.0	0.0	0.0	0.0	0.0	0.0	0.0	0.0	0.0	0.0	0.0	0.0	0.0	2.0	0.0	0.0	0.0	0.0	0.0	0.0	0.0	0.0	0.0	0.0	0.0	0.0	0.0	2.0	0.0	1.0	0.0	1.0	0.0	1.0	1.0	0.0	0.0	0.0	2.0	0.0	1.0	3.0	0.0	0.0	0.0	0.0	0.0	0.0	0.0	0.0	1.0	0.0	0.0	0.0	0.0	0.0	4.0	0.0	0.0	2.0	4.0	0.0	0.0	0.0	5.0	0.0	0.0	0.0	10.0
89	1.0	1.0	1.0	1.0	1.0	1.0	1.0	1.0	1.0	1.0	1.0	1.0	1.0	1.0	1.0	1.0	1.0	1.0	1.0	1.0	1.0	1.0	1.0	1.0	1.0	1.0	1.0	1.0	1.0	1.0	1.0	1.0	1.0	1.0	1.0	1.0	1.0	1.0	1.0	1.0	1.0	1.0	1.0	1.0	1.0	1.0	1.0	1.0	1.0	1.0	1.0	1.0	1.0	1.0	1.0	1.0	1.0	1.0	1.0	1.0	1.0	1.0	1.0	1.0	1.0	1.0	1.0	1.0	1.0	1.0	1.0
9	0.0	0.0	0.0	0.0	0.0	0.0	0.0	0.0	0.0	0.0	0.0	0.0	0.0	0.0	0.0	0.0	0.0	0.0	0.0	0.0	0.0	0.0	0.0	0.0	0.0	0.0	0.0	0.0	0.0	0.0	0.0	0.0	1.0	0.0	0.0	0.0	0.0	0.0	0.0	0.0	0.0	1.0	0.0	0.0	0.0	0.0	0.0	0.0	0.0	0.0	0.0	0.0	3.0	0.0	0.0	0.0	0.0	0.0	0.0	0.0	0.0	0.0	0.0	0.0	0.0	0.0	0.0	0.0	0.0	0.0	0.0
90	0.0	0.0	0.0	0.0	0.0	0.0	0.0	0.0	0.0	0.0	0.0	0.0	0.0	0.0	0.0	0.0	0.0	0.0	0.0	0.0	0.0	0.0	0.0	0.0	0.0	0.0	0.0	0.0	0.0	0.0	0.0	0.0	0.0	0.0	0.0	0.0	0.0	0.0	0.0	0.0	0.0	0.0	0.0	0.0	0.0	0.0	0.0	0.0	0.0	0.0	0.0	0.0	0.0	0.0	0.0	0.0	0.0	0.0	0.0	0.0	0.0	3.0	0.0	0.0	0.0	0.0	0.0	0.0	0.0	0.0	3.0
92	2.0	0.0	1.0	0.0	0.0	0.0	1.0	1.0	0.0	1.0	8.0	1.0	3.0	0.0	8.0	0.0	5.0	4.0	6.0	1.0	0.0	1.0	0.0	0.0	0.0	0.0	0.0	0.0	0.0	0.0	1.0	1.0	1.0	0.0	0.0	0.0	0.0	0.0	2.0	0.0	0.0	0.0	0.0	0.0	0.0	0.0	0.0	0.0	0.0	0.0	0.0	0.0	0.0	0.0	0.0	0.0	2.0	0.0	0.0	1.0	0.0	4.0	1.0	0.0	5.0	2.0	9.0	7.0	0.0	0.0	3.0
94	0.0	0.0	0.0	0.0	0.0	0.0	0.0	0.0	0.0	0.0	0.0	1.0	0.0	0.0	0.0	0.0	0.0	0.0	0.0	0.0	0.0	0.0	0.0	0.0	0.0	0.0	0.0	0.0	0.0	0.0	0.0	0.0	0.0	0.0	0.0	0.0	0.0	0.0	0.0	0.0	0.0	0.0	0.0	0.0	0.0	0.0	0.0	0.0	0.0	0.0	0.0	0.0	0.0	0.0	0.0	0.0	0.0	0.0	0.0	0.0	0.0	0.0	0.0	0.0	0.0	0.0	0.0	0.0	0.0	0.0	0.0
96	0.0	0.0	0.0	1.0	0.0	0.0	0.0	0.0	0.0	0.0	0.0	0.0	0.0	0.0	0.0	0.0	0.0	0.0	0.0	0.0	0.0	0.0	0.0	0.0	0.0	0.0	0.0	0.0	0.0	0.0	1.0	0.0	0.0	0.0	0.0	0.0	0.0	0.0	0.0	0.0	0.0	0.0	0.0	0.0	0.0	0.0	0.0	0.0	0.0	0.0	0.0	0.0	0.0	0.0	0.0	0.0	0.0	0.0	0.0	0.0	0.0	0.0	0.0	0.0	0.0	0.0	0.0	0.0	0.0	0.0	0.0
97	0.0	0.0	0.0	0.0	0.0	0.0	0.0	0.0	0.0	0.0	0.0	0.0	0.0	0.0	1.0	2.0	1.0	0.0	2.0	0.0	0.0	1.0	0.0	0.0	0.0	0.0	0.0	0.0	0.0	0.0	0.0	0.0	0.0	0.0	0.0	0.0	0.0	0.0	0.0	0.0	0.0	0.0	0.0	0.0	0.0	2.0	0.0	0.0	0.0	0.0	0.0	0.0	0.0	0.0	0.0	0.0	0.0	1.0	0.0	0.0	0.0	1.0	0.0	1.0	1.0	1.0	0.0	0.0	2.0	0.0	1.0
98	0.0	0.0	0.0	0.0	0.0	0.0	0.0	0.0	0.0	1.0	0.0	0.0	0.0	0.0	0.0	0.0	0.0	0.0	0.0	0.0	0.0	0.0	0.0	0.0	0.0	0.0	0.0	0.0	0.0	0.0	1.0	0.0	0.0	0.0	0.0	0.0	0.0	0.0	0.0	0.0	1.0	0.0	0.0	0.0	0.0	0.0	0.0	0.0	0.0	0.0	0.0	0.0	1.0	0.0	0.0	0.0	0.0	0.0	0.0	0.0	0.0	0.0	0.0	0.0	0.0	0.0	0.0	0.0	0.0	0.0	0.0
99	0.0	0.0	0.0	0.0	0.0	0.0	0.0	0.0	0.0	0.0	0.0	0.0	0.0	0.0	0.0	0.0	0.0	0.0	0.0	0.0	0.0	0.0	0.0	0.0	0.0	0.0	0.0	0.0	0.0	0.0	0.0	0.0	0.0	0.0	0.0	0.0	0.0	0.0	0.0	0.0	0.0	0.0	0.0	0.0	0.0	1.0	0.0	0.0	0.0	0.0	0.0	0.0	0.0	0.0	0.0	0.0	0.0	0.0	0.0	0.0	0.0	0.0	0.0	0.0	0.0	0.0	0.0	0.0	0.0	0.0	0.0
