	Alphitonia.philippinensis..1.	Berchemia.floribunda..2.	Berchemia.giraldiana..3.	Berchemia.hirtella..4.	Berchemia.huana..5.	Berchemia.kulingensis..6.	Berchemia.lineata..7.	Berchemia.loureiroana..8.	Berchemia.sinica..9.	Berchemia.yunnanensis..10.	Ceanothus.asiaticus..11.	Colubrina.arborescens..12.	Colubrina.asiatica..13.	Colubrina.pubescens..14.	Colubrina.spinosa..15.	Gouania.hypoglauca..19.	Gouania.leptostachya..16.	Gouania.leptostachya..18.	Gouania.polygama..20.	Guoania.javanica..17.	Hovenia.acerba..21.	Hovenia.acerba.var..kiukiangensis..22.	Karwinskia.calderonii..23.	Krugiodendron.ferreum..24.	Paliurus.perforatus..25.	Rhamnella.franguloides..26.	Rhamnella.tonkinensis..27.	Rhamnus.crenata..28.	Rhamnus.davurica..29.	Rhamnus.diamantiaca..30.	Rhamnus.erythroxylon..31.	Rhamnus.globosa..32.	Rhamnus.hainanensis..33.	Rhamnus.koraiensis..34.	Rhamnus.leptophylla..35.	Rhamnus.longipes..36.	Rhamnus.napalensis..37.	Rhamnus.oreodendron..38.	Rhamnus.parvifolia..39.	Rhamnus.rosthornii..40.	Rhamnus.sphaerosperma..41.	Rhamnus.subapetala..42.	Rhamnus.utilis..43.	Sageretia.pauciflora..44.	Sageretia.thea..45.	Scutia.eberhardtia..46.	Scutia.myrtina..47.	Ventilago.calyculata..48.	Ventilago.calyculata.var..trichoclada..49.	Ventilago.cristata..50.	Ventilago.denticulate..51.	Ventilago.inaequilateralis..52.	Ventilago.leiocarpa..53.	Ventilago.leiocarpa.var..pubescens..54.	Ventilago.maderaspatana..55.	Ventilago.oblongifolia..56.	Ventilago.pauciflora..57.	Ziziphus.apetala..58.	Ziziphus.attopensis..59.	Ziziphus.cambodiana..60.	Ziziphus.funiculosa..61.	Ziziphus.guatemalensis..62.	Ziziphus.horsfieldii..63.	Ziziphus.incurva..64.	Ziziphus.mauritiana..65.	Ziziphus.oenopolia..66.	Ziziphus.poilaneo..67.	Ziziphus.rotundifolia..68.	Ziziphus.rugosa..69.	Ziziphus.rugosa.var..harmandii..70.	Ziziphus.thyrsiflora..71.
Alphitonia.philippinensis..1.	0	0.506996952355042	0.501196531763333	0.545086138842225	0.559693653924423	0.566642055317269	0.497892628205128	0.570205373617284	0.570536036571104	0.627515754317692	0.258420275161347	0.556454692031615	0.264519048908189	0.345858701506219	0.136742391696686	0.105903071287687	0.104237326459549	0.0610784783018252	0.157884670339662	0.308320042045113	0.329133920168988	0.0762701599377424	0.511914645183876	0.479275771384525	0.590721494668108	0.321369482872766	0.506015501592425	0.534114905749521	0.606983555380991	0.564165272343306	0.629717081930856	0.575267898451659	0.538865209106409	0.569958452287915	0.663885390018292	0.576043527580007	0.613108350264221	0.514952275288814	0.581731644423952	0.326821735956351	0.524319550108012	0.573398054936516	0.604868658508768	0.583472785363268	0.653930759638616	0.200685971422546	0.512044057412256	0.564018777761742	0.547785641447337	0.569267682418135	0.572637999973165	0.551166593329396	0.611684395805008	0.558473016096642	0.486304133148662	0.556366849555952	0.603195439635051	0.119470852183192	0.246541031584601	0.239842874946204	0.475525896379262	0.16365597998441	0.231808418907778	0.102318517762815	0.0867583282049413	0.218799367977921	0.247521046676948	0.113687100033254	0.100755313544498	0.229160996305023	0.134459565459733
Berchemia.floribunda..2.	0.506996952355042	0	0.0297297842306917	0.107655531537024	0.125439279749625	0.102505625494131	0.118687055281883	0.0988311527799848	0.107994596305955	0.219456188666072	0.406769611580264	0.353063682805062	0.338828788220269	0.28538830343719	0.620062018158121	0.442012122354124	0.450327393622413	0.484837132742456	0.64095995062246	0.25712723077027	0.205809843094326	0.4925775080147	0.156615290839429	0.218787629994527	0.181283341094201	0.28140293964516	0.223230332885505	0.152732580318787	0.223212419764144	0.142427660126736	0.265386133068571	0.184825153560786	0.14243550137764	0.146556737167505	0.281693622974777	0.139760338902714	0.163711673820567	0.101815569487983	0.156735582425238	0.266835535154501	0.119621510673235	0.185255510772752	0.184618012503305	0.17382807789003	0.283432272803146	0.608032293377121	0.109099060612938	0.14182241535059	0.250858112812722	0.182290962361956	0.154738146363762	0.178190161279439	0.167688023764355	0.135318437719916	0.152177914228667	0.158509700176367	0.187557867706111	0.41668476897464	0.288671180127942	0.300774657092207	0.159101683657179	0.603830629396734	0.297954106610716	0.505039682539683	0.448164622971622	0.311763077385936	0.270242952406022	0.44404247843903	0.434989927610488	0.325483876602732	0.484241263387853
Berchemia.giraldiana..3.	0.501196531763333	0.0297297842306917	0	0.108274272178336	0.114562795878585	0.107344054580897	0.127703634085213	0.109872126552941	0.105817402984586	0.221592564087384	0.396532812686478	0.346318004607478	0.321542418136845	0.272108118397259	0.614261597566412	0.434944259555994	0.444282001299545	0.479036712150747	0.635159530030751	0.237105753065792	0.189744070142677	0.487174633011099	0.145235247208931	0.20437256935442	0.166698088504844	0.268456507121462	0.205475051264525	0.143834744690008	0.219095212779423	0.14246132944044	0.27109984262983	0.189382716049383	0.144323945456862	0.147287105341971	0.286757818639007	0.141576126742974	0.17483709273183	0.105203349282297	0.150954374572796	0.252567498291182	0.119434837092732	0.190015948963317	0.189273438698788	0.172857142857143	0.281563172114684	0.60577694235589	0.106028078325896	0.130975711636816	0.236957913491211	0.170391419725785	0.140608480909233	0.172391938750987	0.157522690220697	0.12516201217329	0.130887724004848	0.148875893437297	0.18561684585295	0.411546444235589	0.286656174942565	0.293303220738413	0.146189236111111	0.598675500194418	0.296457869210062	0.493713954426296	0.442364202379913	0.30807641343978	0.263804629257622	0.438621384542437	0.432168218164459	0.317491867967792	0.479086134185537
Berchemia.hirtella..4.	0.545086138842225	0.107655531537024	0.108274272178336	0	0.110376449616956	0.114356037773759	0.171321328109303	0.113611726846721	0.109115263545643	0.240470752073712	0.441254188911852	0.344824678368982	0.363236229794309	0.295157725537472	0.668075051064493	0.477269744101556	0.487394700808906	0.526871092405181	0.685830789717808	0.277845000582928	0.244587258250698	0.523645160595884	0.158865325953934	0.229527031240257	0.165084163270447	0.309011697711914	0.229890770270517	0.162907252147758	0.231501878337321	0.165671780913853	0.27114681021069	0.217299131560735	0.174254962658739	0.180909589773335	0.293811135182234	0.179650775008337	0.189162806806045	0.127875842511918	0.189893099165251	0.287981875719217	0.166478501105083	0.224262151350759	0.205074208706991	0.201827218765644	0.294042916565136	0.652313756487389	0.167429443733859	0.0899142764031619	0.226817134328113	0.153590560696853	0.14457073968828	0.13661734389149	0.170078184893227	0.107768951462442	0.158428489360919	0.0881286557051325	0.198451381025615	0.451583656346974	0.333075526327356	0.336694128813437	0.196962668901949	0.645334899986944	0.354499307927578	0.529032030097067	0.493515332219753	0.331275855691146	0.33313532325031	0.487832624668068	0.463628329413044	0.364721922973337	0.525695776993384
Berchemia.huana..5.	0.559693653924423	0.125439279749625	0.114562795878585	0.110376449616956	0	0.0910751028806584	0.179442918192918	0.0996402641563932	0.0985157952069717	0.20966792211871	0.450564258823187	0.341448828948829	0.370279992338816	0.310577116273319	0.682682566146692	0.492797760830548	0.502002215891105	0.544627505373119	0.700438304800007	0.285939078068708	0.253855730326319	0.540417248095819	0.158441095941096	0.227908912607188	0.103559658970107	0.29800172727002	0.203548904798905	0.142828005328005	0.197502497502497	0.134483161931616	0.250333645682483	0.183931623931624	0.165906127770535	0.158020019812473	0.24999214207135	0.164265941198931	0.173784461152882	0.150373237873238	0.148560791060791	0.285812567062567	0.14718660968661	0.21039627039627	0.168900340966668	0.15900229713789	0.230471665844006	0.678908355795148	0.169120581315703	0.0982230957840714	0.21184132383112	0.146990740740741	0.104090354090354	0.150380029660852	0.137322925187003	0.0979090354090354	0.167779253870803	0.105679775471442	0.146999418027455	0.489231129595713	0.360633720301689	0.35887655738402	0.177391286375661	0.659942415069143	0.378105073938407	0.560679094213577	0.519476336267381	0.363718238469894	0.340376459842109	0.515098367598368	0.50227028958232	0.391879475922029	0.547276585213266
Berchemia.kulingensis..6.	0.566642055317269	0.102505625494131	0.107344054580897	0.114356037773759	0.0910751028806584	0	0.188785273368607	0.0727039123096471	0.0562428675173773	0.164698278455934	0.456441457755942	0.388447303725082	0.389918560016599	0.326731483341891	0.68365189429589	0.506092847987201	0.508950617283951	0.548427008880225	0.704549826760228	0.305391436409955	0.256461380848636	0.546705404383976	0.194258457591791	0.258821382959314	0.148060110967795	0.335105694641602	0.256983726150393	0.17149303885415	0.175228475228475	0.0889594204743117	0.217956605553505	0.146831275720165	0.146003347980749	0.106191442140953	0.224445142926991	0.116480324894796	0.120493595098858	0.13508430869542	0.113999184971407	0.321459636042969	0.127920047031158	0.167489711934156	0.138470317580295	0.130305702527925	0.229908825013238	0.668270883941743	0.164219128633085	0.112897542335212	0.254459111687003	0.167967804405713	0.150986491462682	0.170632101986744	0.118442606576371	0.104241202653901	0.18126029841601	0.139447383891828	0.132755883015488	0.483636004556143	0.361871750532775	0.367861310730299	0.207348848104056	0.666890816461989	0.390279614932393	0.566784802043423	0.52170474786561	0.363069298932066	0.330749929318632	0.522046768991213	0.505389078958419	0.394591416813639	0.548719126175458
Berchemia.lineata..7.	0.497892628205128	0.118687055281883	0.127703634085213	0.171321328109303	0.179442918192918	0.188785273368607	0	0.167752816180236	0.180527155306567	0.279904347894013	0.369280045351474	0.324761153198653	0.323974770463741	0.290522905364677	0.598971612748238	0.42220506440281	0.439450384577699	0.478674086837464	0.620509857311719	0.275071587791495	0.204246031746032	0.48530824829932	0.164214240620491	0.236781609195402	0.215464048803601	0.27133855981417	0.230238095238095	0.173783068783069	0.227354697771364	0.206948382016037	0.291980108742463	0.222872574955908	0.197168079096045	0.22148407082959	0.301590297422599	0.208157779005073	0.22797384085213	0.14392316017316	0.223332882395382	0.249777086339586	0.165698412698413	0.241859668109668	0.235186771137026	0.211342816787732	0.296907294832827	0.583315363881402	0.130860433604336	0.197655463608207	0.280327988338192	0.198152135854342	0.200414486307343	0.225278797021092	0.208743257820928	0.177348119803477	0.198427788955958	0.199389329805996	0.217873275478416	0.432894345238095	0.277777467757936	0.286904984008529	0.163503224206349	0.58991553745154	0.287579365079365	0.49942614258347	0.442612557253415	0.321880551613581	0.277448200654308	0.426582609395109	0.438092142558778	0.315415294663965	0.481246555936785
Berchemia.loureiroana..8.	0.570205373617284	0.0988311527799848	0.109872126552941	0.113611726846721	0.0996402641563932	0.0727039123096471	0.167752816180236	0	0.0774319674106202	0.176239361208881	0.472025981091361	0.375189878818911	0.406466421694126	0.346883081529876	0.68577303745646	0.513523960615447	0.514257742125126	0.551805776388402	0.706670969920798	0.338974148666502	0.272458723632822	0.549862939799576	0.185266838895871	0.270714815403358	0.151248207248448	0.32591447803879	0.261728808825583	0.185504041955655	0.17926267281106	0.13042497400246	0.218652430964884	0.152615349604597	0.139166601577755	0.134778859809292	0.219683519811275	0.134128765684303	0.124005511089552	0.146508285621189	0.14159149094633	0.314614171670623	0.132911418330773	0.16080156402737	0.139342077076606	0.13240429760386	0.218165542736579	0.66651812885836	0.188160178836811	0.125001873290622	0.259864990543068	0.158839342188488	0.146028088654817	0.174825523080052	0.119636705292828	0.116704992929071	0.212208826435314	0.149669845536781	0.111864804207282	0.484172453703704	0.364436773953533	0.366997577397192	0.213786148980201	0.670036025162753	0.377267345110087	0.57339561594011	0.514464097841565	0.371984389782403	0.338803240659311	0.509947239866595	0.508487376274788	0.394701550260919	0.550446659153871
Berchemia.sinica..9.	0.570536036571104	0.107994596305955	0.105817402984586	0.109115263545643	0.0985157952069717	0.0562428675173773	0.180527155306567	0.0774319674106202	0	0.160185292402175	0.461394210461963	0.386247453526865	0.373406862745098	0.320881052843078	0.686869076230392	0.501281965427337	0.513015051699692	0.551644190814727	0.707767008694731	0.304190801835137	0.251206037970744	0.554885065137166	0.184440872308519	0.257021045966279	0.149350121474792	0.335058223831538	0.263295277707042	0.169825000707354	0.163128483716719	0.088197813489657	0.205122720922995	0.143945430023861	0.130308149625198	0.0931957216849004	0.224780055036316	0.104196566942928	0.115039600635576	0.135046190193249	0.0997093837535014	0.314900404606287	0.115934018051665	0.162065189712249	0.130985965814897	0.130163477820507	0.243539874578673	0.675480800286572	0.179455413601755	0.104716595310211	0.25658977876865	0.147058823529412	0.135270774976657	0.177839491961168	0.103531088810929	0.0934084745009115	0.185014471359749	0.112192654839714	0.136887527596708	0.480165943692292	0.365873775725568	0.373687090922604	0.211917527427638	0.670107998396491	0.380424901442058	0.567001124204471	0.524921929800112	0.359473993791777	0.336034252547499	0.525263950925716	0.495920224815072	0.403569400573468	0.551452163834966
Berchemia.yunnanensis..10.	0.627515754317692	0.219456188666072	0.221592564087384	0.240470752073712	0.20966792211871	0.164698278455934	0.279904347894013	0.176239361208881	0.160185292402175	0	0.532341576722552	0.490335062283881	0.467718495972317	0.432654205407868	0.742009217737917	0.575551263059331	0.571600077768057	0.605324873499	0.76187210641223	0.407125961106714	0.347362339511483	0.613727234988484	0.312437791866926	0.364757853544169	0.25357177834114	0.44782207102161	0.373020190657986	0.28441811724292	0.179381302084714	0.149656244644677	0.0666325139590109	0.13578302712161	0.194117048928206	0.110789806934511	0.0931199194160136	0.191156276212896	0.0950466717976042	0.252881600027269	0.119524718501096	0.425326166615537	0.206849393825772	0.181835452386633	0.0716037727426929	0.154723615056593	0.251042323167051	0.748018938670402	0.29705265500349	0.22562332147506	0.393409848003693	0.252309775616283	0.231326716028628	0.276750487524676	0.195741673067566	0.225932212342505	0.314102836617254	0.248767818953186	0.12605275976017	0.538622071112639	0.427110441761186	0.436538762878521	0.32481315812086	0.72468373048991	0.465574789262453	0.630505249343832	0.578602612484385	0.420445488602004	0.392923403658512	0.578944633609988	0.557968282630085	0.472202610312009	0.604494900746577
Ceanothus.asiaticus..11.	0.258420275161347	0.406769611580264	0.396532812686478	0.441254188911852	0.450564258823187	0.456441457755942	0.369280045351474	0.472025981091361	0.461394210461963	0.532341576722552	0	0.429310859444788	0.110688094682317	0.208390516016533	0.326753286329479	0.233604175960001	0.176357875969318	0.211402534941852	0.304737917330053	0.24062968037009	0.257734274265262	0.273171060090703	0.392817653576582	0.365621212565486	0.474459283091346	0.246288489989492	0.380952574211503	0.413045527554456	0.500623189090451	0.457218138544077	0.556351843062806	0.480864040060469	0.454306108036435	0.478313719355667	0.569971592184729	0.490968752191598	0.511672745852727	0.404791859925788	0.483968447227376	0.25275888133031	0.420580640589569	0.500299616058545	0.503819444444444	0.477520393750721	0.567535174530805	0.379023138343388	0.400461205823793	0.464778375781207	0.419243500971817	0.458328539749233	0.473705139106925	0.470317159398006	0.494651491259934	0.450183059334845	0.371705780316822	0.450391707608969	0.488422095863267	0.228493283887629	0.218876886692177	0.254223937709412	0.355954152494331	0.267198472130788	0.207292060342656	0.296299627609665	0.248297821408829	0.239049970153624	0.246565805075211	0.255174415486915	0.252709340315073	0.266745745283929	0.24757162599392
Colubrina.arborescens..12.	0.556454692031615	0.353063682805062	0.346318004607478	0.344824678368982	0.341448828948829	0.388447303725082	0.324761153198653	0.375189878818911	0.386247453526865	0.490335062283881	0.429310859444788	0	0.388713111507229	0.321025429095049	0.63294470435726	0.505696997295358	0.511129593999964	0.534571698606786	0.654253963136942	0.358231343416529	0.360664594120476	0.542177987356559	0.266632996632997	0.22344856612098	0.317678203499099	0.331112592240641	0.20956228956229	0.269339225589226	0.371803350970018	0.411565086307354	0.479725270422945	0.399120437175993	0.372405552702163	0.433331858567708	0.483411674500783	0.39464886964887	0.443075618338776	0.306116221741222	0.421701539201539	0.322952741702742	0.364505651755652	0.419854497354497	0.43670297484073	0.383191377047309	0.353261592623295	0.631923230508136	0.334839759382442	0.35667637466418	0.241289473942535	0.305325488781371	0.317901410758554	0.321165997878327	0.365631931894068	0.332805521198378	0.277270356143596	0.315438612313612	0.388216387281808	0.494201313732564	0.443444442565536	0.453371759528476	0.283065025252525	0.616984969289117	0.447024310565977	0.561586472276127	0.552800122762809	0.448554768753444	0.445247550018542	0.549000689000689	0.527454097002969	0.483212699436104	0.563089671932467
Colubrina.asiatica..13.	0.264519048908189	0.338828788220269	0.321542418136845	0.363236229794309	0.370279992338816	0.389918560016599	0.323974770463741	0.406466421694126	0.373406862745098	0.467718495972317	0.110688094682317	0.388713111507229	0	0.117742399350739	0.357968207213129	0.229450158934248	0.187659508247744	0.223587631933865	0.351993298501434	0.146981735080864	0.182386009959539	0.285493141701125	0.309594332682568	0.275720671410327	0.39310456355013	0.183663878830665	0.312864853011912	0.317938665365136	0.436429302360675	0.372578177892004	0.490725902764206	0.41542328042328	0.388868711326338	0.402455825097334	0.500597857404788	0.420330784089122	0.446480130063721	0.332528983815748	0.409473304473304	0.178350734233087	0.372245487083722	0.445873864697394	0.427267573696145	0.416327208849641	0.518829009145029	0.406570814908773	0.340581849270874	0.378725338373832	0.358275294244682	0.37302559912854	0.380290620521713	0.390064069767938	0.431956115779645	0.357585534213685	0.276478095150423	0.35201687156344	0.435325313926193	0.224913680750078	0.167757237443589	0.214327986584352	0.302937042872705	0.322182295857411	0.171301591624304	0.295419819268704	0.252334499305527	0.177884880957534	0.191738951729971	0.259567740008917	0.236892447037294	0.23249216944461	0.246054358181895
Colubrina.pubescens..14.	0.345858701506219	0.28538830343719	0.272108118397259	0.295157725537472	0.310577116273319	0.326731483341891	0.290522905364677	0.346883081529876	0.320881052843078	0.432654205407868	0.208390516016533	0.321025429095049	0.117742399350739	0	0.438650629217269	0.311443541932233	0.291297375333944	0.312851558690444	0.459548561681608	0.108388246427393	0.182655435591958	0.364033446712018	0.230978135788262	0.202331067739186	0.319725063651004	0.152290077037298	0.233845142199573	0.226036700641131	0.424818407096888	0.353244253462836	0.467181126203793	0.400923805058826	0.374130321512857	0.380468741114788	0.486080723804749	0.390131745203192	0.415366263760667	0.287286974628747	0.383953641295413	0.156627341833038	0.3446742013261	0.420893473614993	0.399662529267283	0.390867992766727	0.456714557175774	0.468014707276112	0.280459412076038	0.308686175921434	0.271268395845378	0.305955926674467	0.325758047457867	0.327193583635408	0.39671488848704	0.303569634604897	0.210435184949359	0.266357466568437	0.398462084467053	0.290345293209877	0.22639738500226	0.277173280673186	0.215221738748242	0.428422830272711	0.235692867747193	0.369285211975085	0.332038621439717	0.231919062788163	0.232907883899526	0.341864753541969	0.31273778554282	0.297063192814607	0.335225695404099
Colubrina.spinosa..15.	0.136742391696686	0.620062018158121	0.614261597566412	0.668075051064493	0.682682566146692	0.68365189429589	0.598971612748238	0.68577303745646	0.686869076230392	0.742009217737917	0.326753286329479	0.63294470435726	0.357968207213129	0.438650629217269	0	0.202554568961795	0.219674316699313	0.170153658103072	0.0675612067490228	0.425391794504068	0.442198985972067	0.152027025309376	0.624625919670763	0.59001465928364	0.709765633714834	0.421942766953294	0.614540245504371	0.64150188895144	0.709987248813856	0.683209411390032	0.74527327112581	0.6953485024636	0.658237331567118	0.683023518090994	0.770799390957673	0.688091899265677	0.730180102723176	0.63399641433554	0.699861313325439	0.438485323014471	0.636489376468076	0.683681999365856	0.726479769785343	0.700872521236206	0.747067369071472	0.112478394352918	0.61721957686425	0.687007689984011	0.649105136395792	0.687416547336423	0.693716439087996	0.677268869134156	0.722366637020083	0.681461928318911	0.603375885607617	0.680705205392238	0.720377793211077	0.218661279025395	0.365339594065859	0.352626216026423	0.574681527599829	0.143234795726478	0.331904084711447	0.168261466640158	0.202042429499594	0.338786114729007	0.357238120775758	0.210075613730322	0.216379473668155	0.341569760397878	0.207225226367725
Gouania.hypoglauca..19.	0.105903071287687	0.442012122354124	0.434944259555994	0.477269744101556	0.492797760830548	0.506092847987201	0.42220506440281	0.513523960615447	0.501281965427337	0.575551263059331	0.233604175960001	0.505696997295358	0.229450158934248	0.311443541932233	0.202554568961795	0	0.125898539271338	0.130192379095888	0.222273905027655	0.26114801482895	0.256611875169011	0.101578984052637	0.431646500130107	0.397287051244089	0.518199449668131	0.243641630649328	0.430260035956757	0.455914778148385	0.524953838410123	0.492882594139566	0.574559150131014	0.522516986150866	0.471159316741423	0.510350109731489	0.609447130310221	0.513264745648132	0.549600401276415	0.44950921687602	0.524787926099402	0.24481130587688	0.470965977101223	0.531592624133608	0.551129140180662	0.52333419336059	0.571033476173867	0.201327149583413	0.449691908950705	0.499706466619701	0.48540037014025	0.500800251794707	0.512444525939842	0.507995813416316	0.537485157732253	0.492888198084334	0.413348991948045	0.494088909850522	0.540608759463134	0.11512433772082	0.196853222376724	0.191641713369142	0.396380391295863	0.250204618247793	0.175610507560644	0.124681978877852	0.127441118632702	0.19563097866078	0.244942971557288	0.126784272562961	0.0592687563952817	0.183571539300524	0.159183770866783
Gouania.leptostachya..16.	0.104237326459549	0.450327393622413	0.444282001299545	0.487394700808906	0.502002215891105	0.508950617283951	0.439450384577699	0.514257742125126	0.513015051699692	0.571600077768057	0.176357875969318	0.511129593999964	0.187659508247744	0.291297375333944	0.219674316699313	0.125898539271338	0	0.0643482420041874	0.210005336869009	0.252941896923378	0.272460187778815	0.143284237563338	0.450875020041687	0.420378985992013	0.533200509796696	0.266546250890199	0.448949058486096	0.475218120357009	0.54740237471719	0.507323087692503	0.573118582776205	0.519393004115226	0.485215326976156	0.516203287744168	0.608750749413566	0.520899849694237	0.558943113957734	0.457758637966971	0.525578269467158	0.267924950563839	0.470433519498334	0.525005611672278	0.550200162369474	0.528094640241533	0.607456763022169	0.287168803774324	0.455148364424561	0.506377525415466	0.493969983643075	0.515160416018259	0.517797304106828	0.499257386871542	0.555496933081435	0.501075522801713	0.430925988026927	0.500218621399177	0.547697135275017	0.140230471046443	0.196716717647707	0.184944106627357	0.415069413825201	0.176227986880402	0.182628478346071	0.172043845067472	0.0886579740919155	0.175301098691459	0.196891983162127	0.0914279755946423	0.121385124333467	0.180815727919747	0.113346374724347
Gouania.leptostachya..18.	0.0610784783018252	0.484837132742456	0.479036712150747	0.526871092405181	0.544627505373119	0.548427008880225	0.478674086837464	0.551805776388402	0.551644190814727	0.605324873499	0.211402534941852	0.534571698606786	0.223587631933865	0.312851558690444	0.170153658103072	0.130192379095888	0.0643482420041874	0	0.171550384037319	0.287220107882876	0.306974100556402	0.106072373393802	0.489593343628431	0.454982083241309	0.570889218624228	0.30231242344796	0.48893082875539	0.509821217606305	0.589668194054159	0.542005452730719	0.607165091885614	0.553108078839073	0.517101860898322	0.549306595454394	0.642430654928484	0.557690068049084	0.588976144063863	0.492792455676228	0.560837046319502	0.304654576255453	0.507142601875058	0.558194961308996	0.584198591717389	0.55973705056741	0.644839442973075	0.236434070851482	0.498112221044934	0.545803731324698	0.53622595794096	0.545135476217777	0.550432042662619	0.540610404753639	0.594599722967974	0.540257969659599	0.462171926948304	0.538151803118908	0.584657429312291	0.126059143808596	0.22601001200919	0.230207030151387	0.458279741599369	0.146365102036539	0.212565847489093	0.138116331697699	0.0807938343647953	0.200169082259241	0.224073950071673	0.0908190646787138	0.118171752131652	0.217739112359306	0.107059487226882
Gouania.polygama..20.	0.157884670339662	0.64095995062246	0.635159530030751	0.685830789717808	0.700438304800007	0.704549826760228	0.620509857311719	0.706670969920798	0.707767008694731	0.76187210641223	0.304737917330053	0.654253963136942	0.351993298501434	0.459548561681608	0.0675612067490228	0.222273905027655	0.210005336869009	0.171550384037319	0	0.443147533157383	0.463096918436405	0.199816603946543	0.640968422830125	0.606043682819178	0.727521372368149	0.446623205327798	0.636078490067852	0.662399821415779	0.729611046295443	0.700965150043347	0.761915960457524	0.7120677761517	0.67566508680645	0.703921450555332	0.792702316584242	0.708989831730016	0.747935841376491	0.651752152988855	0.717617051978754	0.452893026004728	0.656776680175616	0.705126953424826	0.742518936652675	0.718300276475538	0.76281577169875	0.151896462184499	0.640954388761213	0.704763428637326	0.670643380959273	0.704866971611339	0.711166863362912	0.694261321841473	0.742959255106022	0.699217666972226	0.621131624260932	0.698155629667154	0.738133531864393	0.239096336870051	0.380882692449764	0.365681193828225	0.599361965974333	0.12417509419691	0.352003335021952	0.202440199606377	0.213119878486662	0.354946137536316	0.376624612326659	0.216673809067426	0.2287507459124	0.347174940898345	0.220298302975066
Guoania.javanica..17.	0.308320042045113	0.25712723077027	0.237105753065792	0.277845000582928	0.285939078068708	0.305391436409955	0.275071587791495	0.338974148666502	0.304190801835137	0.407125961106714	0.24062968037009	0.358231343416529	0.146981735080864	0.108388246427393	0.425391794504068	0.26114801482895	0.252941896923378	0.287220107882876	0.443147533157383	0	0.124646401770585	0.320355708126872	0.233436303065933	0.211799938508112	0.308450984349271	0.110362776797962	0.241972992713733	0.246219358487877	0.415728715728716	0.326752607623169	0.447903422063629	0.375285126396237	0.333190346655507	0.346256641487249	0.476824349101577	0.35637168150532	0.37760110151923	0.261164555609	0.344400619956175	0.10685859921971	0.303918577307466	0.36691999358666	0.377362055933484	0.367499177951155	0.462291476436472	0.450742857512599	0.255219699794	0.288163705711131	0.299887021240007	0.302447882445159	0.29242591623544	0.299531567517361	0.360254105237924	0.282229990761737	0.194213152716022	0.261680016656869	0.382839671001665	0.239458559915736	0.139797572353273	0.190559584499607	0.225838507985499	0.40265164342652	0.161015579071135	0.32181624061573	0.263669124980623	0.142435173180819	0.170540454425102	0.266127026497397	0.257239512655831	0.207009904478384	0.290302369442754
Hovenia.acerba..21.	0.329133920168988	0.205809843094326	0.189744070142677	0.244587258250698	0.253855730326319	0.256461380848636	0.204246031746032	0.272458723632822	0.251206037970744	0.347362339511483	0.257734274265262	0.360664594120476	0.182386009959539	0.182655435591958	0.442198985972067	0.256611875169011	0.272460187778815	0.306974100556402	0.463096918436405	0.124646401770585	0	0.314976879640745	0.196504222901282	0.212596925743477	0.272285717769695	0.111198693569569	0.240891796112384	0.208809736015618	0.322707466825114	0.267665187495388	0.377308391056681	0.301015665525469	0.266515796525767	0.28403346663613	0.390492984872717	0.296900257812174	0.328017265385686	0.212398494751436	0.293220439691028	0.112580284639108	0.248114379084967	0.315182497241321	0.31839180116491	0.298433139734236	0.389286831753978	0.430836291539677	0.21213733460864	0.259546393082978	0.310726552525772	0.26103719265484	0.27312651556349	0.27439639478318	0.310101257331411	0.247281690453959	0.184699920656839	0.250510945118788	0.312805454476702	0.258327983971366	0.141547673757003	0.138430716399329	0.17140887605042	0.429273133984777	0.157132806826434	0.334831973019093	0.280251839541787	0.14700390641908	0.11117989180405	0.28059386066739	0.267237816179103	0.164487313838065	0.311139372051586
Hovenia.acerba.var..kiukiangensis..22.	0.0762701599377424	0.4925775080147	0.487174633011099	0.523645160595884	0.540417248095819	0.546705404383976	0.48530824829932	0.549862939799576	0.554885065137166	0.613727234988484	0.273171060090703	0.542177987356559	0.285493141701125	0.364033446712018	0.152027025309376	0.101578984052637	0.143284237563338	0.106072373393802	0.199816603946543	0.320355708126872	0.314976879640745	0	0.496742681921253	0.471244722026742	0.575070523234169	0.313067999557547	0.492543547722119	0.521732460661032	0.596611208456446	0.550109784463614	0.619645911336111	0.561909695977156	0.529025375686998	0.55915923287554	0.65307360072742	0.569734232180845	0.602878475951784	0.500708230261802	0.575339363017934	0.317397443826015	0.520100907029478	0.572460575139146	0.59499433106576	0.571821985856489	0.638771710811984	0.160746641423865	0.505344422321774	0.54824753885294	0.517584629089731	0.561308189942644	0.563298665620094	0.548858952256702	0.599738100741915	0.543592214663643	0.475689494107502	0.544660651297556	0.59282553987327	0.101961963025951	0.237921051232993	0.236525154838055	0.465806760204082	0.209311590227489	0.240846718316956	0.0615316873875987	0.134813108493812	0.217276827949723	0.272444024683665	0.153584988049274	0.0934044933762978	0.222573635837314	0.181103115190763
Karwinskia.calderonii..23.	0.511914645183876	0.156615290839429	0.145235247208931	0.158865325953934	0.158441095941096	0.194258457591791	0.164214240620491	0.185266838895871	0.184440872308519	0.312437791866926	0.392817653576582	0.266632996632997	0.309594332682568	0.230978135788262	0.624625919670763	0.431646500130107	0.450875020041687	0.489593343628431	0.640968422830125	0.233436303065933	0.196504222901282	0.496742681921253	0	0.126739438722197	0.158254183627318	0.24595572449231	0.117676767676768	0.094050024050024	0.262953342953343	0.225057645676202	0.327150128080361	0.248847202180535	0.216513561767799	0.238644191238531	0.338829918706156	0.234775814105711	0.258043593833067	0.132323232323232	0.229758297258297	0.208277417027417	0.193638528138528	0.261731601731602	0.256396508819978	0.240440482304889	0.29012987012987	0.610531051757467	0.171359940872136	0.170350279801499	0.155524339605972	0.164030642560054	0.174528011670869	0.185235525509498	0.229815912243097	0.14981580258366	0.103084771253785	0.125011924803591	0.242609270272822	0.446950231481481	0.313981923024892	0.310169875729577	0.116720441017316	0.612388932112434	0.327284451659452	0.512939244663383	0.464151231576605	0.326172128092658	0.302387065860348	0.455628485628486	0.450010741138561	0.336615317306807	0.499353138370606
Krugiodendron.ferreum..24.	0.479275771384525	0.218787629994527	0.20437256935442	0.229527031240257	0.227908912607188	0.258821382959314	0.236781609195402	0.270714815403358	0.257021045966279	0.364757853544169	0.365621212565486	0.22344856612098	0.275720671410327	0.202331067739186	0.59001465928364	0.397287051244089	0.420378985992013	0.454982083241309	0.606043682819178	0.211799938508112	0.212596925743477	0.471244722026742	0.126739438722197	0	0.215369580668088	0.222214879784266	0.108105314226004	0.131879654508965	0.302806389013286	0.277619851708903	0.371848627181426	0.320024022380344	0.294871420222092	0.307509023453233	0.385240506809302	0.321537264627382	0.338435312418978	0.210356023287058	0.301607018460467	0.177227633477633	0.277757799671593	0.342261531571876	0.320756816683981	0.289922351173082	0.303236179529283	0.578917908521031	0.21519183787897	0.235235024764041	0.177440853188566	0.214846340835185	0.230794943972284	0.246358466233289	0.315854815310791	0.211248924857299	0.120504637017507	0.187961442559144	0.314856974049691	0.404853556604634	0.29820461095717	0.312315270935961	0.144346734742748	0.574155240516674	0.323445957246245	0.473033661740558	0.431198345982185	0.307823459367762	0.302698339579756	0.421076532197222	0.407391477462128	0.333789260385005	0.461119446774845
Paliurus.perforatus..25.	0.590721494668108	0.181283341094201	0.166698088504844	0.165084163270447	0.103559658970107	0.148060110967795	0.215464048803601	0.151248207248448	0.149350121474792	0.25357177834114	0.474459283091346	0.317678203499099	0.39310456355013	0.319725063651004	0.709765633714834	0.518199449668131	0.533200509796696	0.570889218624228	0.727521372368149	0.308450984349271	0.272285717769695	0.575070523234169	0.158254183627318	0.215369580668088	0	0.292634100114988	0.178074777627016	0.130737590905501	0.229874437337124	0.174925202167855	0.294445821832146	0.226887783305694	0.223504149952417	0.196544596201383	0.292909568142315	0.210700242039679	0.208910273195426	0.175457937584803	0.175937439426245	0.286513365711127	0.20838237384506	0.256128448665762	0.21096171233241	0.1924327113424	0.222610919566302	0.698788514748808	0.181752387886352	0.124672658773496	0.177939686891103	0.13715735050239	0.136687311740617	0.172512032141965	0.168079505385693	0.104377206935842	0.159346793864347	0.118359590934218	0.1873181931907	0.521625071566769	0.387804490382907	0.394506633499171	0.179419587331201	0.691901257373436	0.405945882360683	0.599252015783153	0.545156163626313	0.402898233524901	0.366431202764802	0.54218143516651	0.53298758623638	0.426062884664822	0.579589911743011
Rhamnella.franguloides..26.	0.321369482872766	0.28140293964516	0.268456507121462	0.309011697711914	0.29800172727002	0.335105694641602	0.27133855981417	0.32591447803879	0.335058223831538	0.44782207102161	0.246288489989492	0.331112592240641	0.183663878830665	0.152290077037298	0.421942766953294	0.243641630649328	0.266546250890199	0.30231242344796	0.446623205327798	0.110362776797962	0.111198693569569	0.313067999557547	0.24595572449231	0.222214879784266	0.292634100114988	0	0.205391194171682	0.258115416652002	0.408891274338429	0.370689874516565	0.480668323294529	0.405158515077214	0.357836768440324	0.388184537505752	0.491377935702978	0.376219537140143	0.412827189926035	0.294839510083413	0.391352197937564	0.0706444526566478	0.3332158343012	0.403123394220955	0.420684696642885	0.390929447430068	0.412620520012191	0.406579120373414	0.27861014324429	0.305816879597367	0.266811303499332	0.300074298011888	0.328119190140096	0.325989212925397	0.363388511138926	0.302109258337481	0.223965200416592	0.304380135071192	0.379373582120334	0.258750625080656	0.166404397442412	0.202948924078793	0.188307866337592	0.413374213440949	0.160770879038155	0.346767174629874	0.285154379573291	0.184510044662887	0.180557421100383	0.287701590963786	0.267528341032605	0.224170054200542	0.301062867810525
Rhamnella.tonkinensis..27.	0.506015501592425	0.223230332885505	0.205475051264525	0.229890770270517	0.203548904798905	0.256983726150393	0.230238095238095	0.261728808825583	0.263295277707042	0.373020190657986	0.380952574211503	0.20956228956229	0.312864853011912	0.233845142199573	0.614540245504371	0.430260035956757	0.448949058486096	0.48893082875539	0.636078490067852	0.241972992713733	0.240891796112384	0.492543547722119	0.117676767676768	0.108105314226004	0.178074777627016	0.205391194171682	0	0.12840367965368	0.307372134038801	0.286158343374838	0.403726970703715	0.319809203142536	0.293033971678039	0.313397145307523	0.407693912248368	0.313770027223635	0.344326725905673	0.229545454545455	0.298962842712843	0.209032587782588	0.269886724386724	0.340858585858586	0.332195055511382	0.284590578912613	0.280895888980995	0.601401208854039	0.208143455460529	0.232539506563897	0.105560561887093	0.225243188184365	0.230852797995655	0.239217221135029	0.289356253239748	0.21293599257885	0.145459067536532	0.188793490460157	0.306096209086863	0.442318196849447	0.325673278544372	0.357686190260817	0.137275996572872	0.599992618748379	0.339445346320346	0.517293625914316	0.467961832252877	0.34654511051862	0.351699051584548	0.468850668850669	0.451029196367542	0.386464262687667	0.49350368942072
Rhamnus.crenata..28.	0.534114905749521	0.152732580318787	0.143834744690008	0.162907252147758	0.142828005328005	0.17149303885415	0.173783068783069	0.185504041955655	0.169825000707354	0.28441811724292	0.413045527554456	0.269339225589226	0.317938665365136	0.226036700641131	0.64150188895144	0.455914778148385	0.475218120357009	0.509821217606305	0.662399821415779	0.246219358487877	0.208809736015618	0.521732460661032	0.094050024050024	0.131879654508965	0.130737590905501	0.258115416652002	0.12840367965368	0	0.251130351130351	0.192315242508541	0.317531908229583	0.251951258617925	0.229030009538484	0.223923307649723	0.324060501288224	0.229122595617441	0.253033752310068	0.158038720538721	0.221743626743627	0.224969937469937	0.218313852813853	0.27953823953824	0.241913240765282	0.222893584757992	0.255974640017193	0.623785417063719	0.143133424840742	0.167739752343411	0.164711252466354	0.163576238576239	0.163073170216027	0.199125962824593	0.236580086580087	0.146505016147873	0.118705541328781	0.120234086900754	0.246873946406657	0.456403694684945	0.329001463669432	0.338478557788259	0.110971696127946	0.629923203396706	0.338028599486933	0.527896016818431	0.482720730761776	0.341686197356727	0.300762830963213	0.479896763646764	0.461970470006184	0.361678781226654	0.511064993352111
Rhamnus.davurica..29.	0.606983555380991	0.223212419764144	0.219095212779423	0.231501878337321	0.197502497502497	0.175228475228475	0.227354697771364	0.17926267281106	0.163128483716719	0.179381302084714	0.500623189090451	0.371803350970018	0.436429302360675	0.424818407096888	0.709987248813856	0.524953838410123	0.54740237471719	0.589668194054159	0.729611046295443	0.415728715728716	0.322707466825114	0.596611208456446	0.262953342953343	0.302806389013286	0.229874437337124	0.408891274338429	0.307372134038801	0.251130351130351	0	0.135834535834536	0.143915903218229	0.0858569825236492	0.125675642624795	0.136276473933707	0.164852675743765	0.136589756177385	0.151432200028691	0.201304713804714	0.124486531986532	0.381017516434183	0.157409371492705	0.149260862594196	0.131554061018347	0.0966946502963452	0.193234097134806	0.70575574553562	0.262490761271249	0.222442191954387	0.332531011442576	0.182014767186336	0.162048004905148	0.224180240104898	0.122955631208058	0.192257610114753	0.291619752183132	0.22257696007696	0.111129991503823	0.557999639249639	0.444730492549503	0.415363867291728	0.279609838464005	0.698428694818864	0.446436588103255	0.615860465630581	0.562684084388064	0.444954326190529	0.391120217074415	0.548147454814121	0.54981724392752	0.441143450717919	0.591215317379801
Rhamnus.diamantiaca..30.	0.564165272343306	0.142427660126736	0.14246132944044	0.165671780913853	0.134483161931616	0.0889594204743117	0.206948382016037	0.13042497400246	0.088197813489657	0.149656244644677	0.457218138544077	0.411565086307354	0.372578177892004	0.353244253462836	0.683209411390032	0.492882594139566	0.507323087692503	0.542005452730719	0.700965150043347	0.326752607623169	0.267665187495388	0.550109784463614	0.225057645676202	0.277619851708903	0.174925202167855	0.370689874516565	0.286158343374838	0.192315242508541	0.135834535834536	0	0.181705121911307	0.105806287387043	0.126172170772905	0.0664388066060892	0.204991971951245	0.095332187857961	0.104187186178505	0.16247531463382	0.0768068014459767	0.34210523869029	0.123697021764032	0.153998750390503	0.112047361900087	0.117343135052378	0.227637465748894	0.679269057036028	0.176418847859318	0.158630428535508	0.290170118120886	0.202408446196348	0.172829575922359	0.206778031082508	0.136239282020485	0.119585242458954	0.192917297600033	0.173499574992273	0.134284888442322	0.484495343097147	0.36145416244784	0.375220760458874	0.249782282973327	0.661788932400363	0.380570783105147	0.559727455859699	0.518599941301511	0.363656298868288	0.336611054274547	0.515625212841708	0.492206953318495	0.395285968448943	0.549477586769938
Rhamnus.erythroxylon..31.	0.629717081930856	0.265386133068571	0.27109984262983	0.27114681021069	0.250333645682483	0.217956605553505	0.291980108742463	0.218652430964884	0.205122720922995	0.0666325139590109	0.556351843062806	0.479725270422945	0.490725902764206	0.467181126203793	0.74527327112581	0.574559150131014	0.573118582776205	0.607165091885614	0.761915960457524	0.447903422063629	0.377308391056681	0.619645911336111	0.327150128080361	0.371848627181426	0.294445821832146	0.480668323294529	0.403726970703715	0.317531908229583	0.143915903218229	0.181705121911307	0	0.127021040974529	0.203179478115426	0.149029440648572	0.0774389731331937	0.212139406762998	0.130711274309806	0.269788870152242	0.147923755830733	0.442414244885175	0.21574052540913	0.189924801727127	0.0963249705566981	0.152045154986621	0.237938549987041	0.753821120374433	0.339718103161098	0.25991005591119	0.430906050127692	0.2505235362879	0.233255786910272	0.275023050174372	0.213282167436604	0.242252017085904	0.34531426283801	0.271448566506706	0.136645645241603	0.566238823264017	0.466265791785868	0.436706578770966	0.356715222022271	0.72796365191071	0.512994750010254	0.628444690537714	0.582708802792975	0.45245799913134	0.411169440851671	0.57450586799424	0.560287531305192	0.47318316407876	0.613114218978949
Rhamnus.globosa..32.	0.575267898451659	0.184825153560786	0.189382716049383	0.217299131560735	0.183931623931624	0.146831275720165	0.222872574955908	0.152615349604597	0.143945430023861	0.13578302712161	0.480864040060469	0.399120437175993	0.41542328042328	0.400923805058826	0.6953485024636	0.522516986150866	0.519393004115226	0.553108078839073	0.7120677761517	0.375285126396237	0.301015665525469	0.561909695977156	0.248847202180535	0.320024022380344	0.226887783305694	0.405158515077214	0.319809203142536	0.251951258617925	0.0858569825236492	0.105806287387043	0.127021040974529	0	0.0873673761197301	0.0833203553958271	0.171343007316605	0.123678672945569	0.11598440545809	0.168848404681738	0.0885334829779274	0.375448132114799	0.125492063492063	0.0786907434129656	0.0975856488980072	0.0783723931087396	0.238166535329656	0.704305513959602	0.261929281197574	0.207539467458167	0.346052622107044	0.164585754054708	0.153092831624578	0.191620783100996	0.123695256359766	0.170311161501638	0.264791713242417	0.216635802469136	0.0884842341228634	0.507393077601411	0.381571789113022	0.384903261470426	0.285865299823633	0.674826139137455	0.423183421516755	0.58591173549028	0.529702567409864	0.386048136857555	0.350010366600697	0.526727838950061	0.517433928737187	0.419848399564712	0.563395254268617
Rhamnus.hainanensis..33.	0.538865209106409	0.14243550137764	0.144323945456862	0.174254962658739	0.165906127770535	0.146003347980749	0.197168079096045	0.139166601577755	0.130308149625198	0.194117048928206	0.454306108036435	0.372405552702163	0.388868711326338	0.374130321512857	0.658237331567118	0.471159316741423	0.485215326976156	0.517101860898322	0.67566508680645	0.333190346655507	0.266515796525767	0.529025375686998	0.216513561767799	0.294871420222092	0.223504149952417	0.357836768440324	0.293033971678039	0.229030009538484	0.125675642624795	0.126172170772905	0.203179478115426	0.0873673761197301	0	0.120463474804696	0.236452797822155	0.0914571944451378	0.151786245274202	0.124733105877174	0.139231785163989	0.334696388827745	0.094364406779661	0.0774368381148042	0.160193340855309	0.118361581920904	0.272567101128226	0.660435606925853	0.235765139733722	0.182674199623352	0.318084861063069	0.144603787842821	0.139188965460152	0.177402972643279	0.10591378891527	0.163085149313963	0.228956223214996	0.200447269303201	0.139589509176077	0.473574959644875	0.355504927739104	0.360611390183867	0.243278349475383	0.637712003883018	0.370692464054046	0.558227505496646	0.494283659721302	0.352690363944433	0.320264433888447	0.491882639297893	0.477449146473933	0.387908345210906	0.525572637462949
Rhamnus.koraiensis..34.	0.569958452287915	0.146556737167505	0.147287105341971	0.180909589773335	0.158020019812473	0.106191442140953	0.22148407082959	0.134778859809292	0.0931957216849004	0.110789806934511	0.478313719355667	0.433331858567708	0.402455825097334	0.380468741114788	0.683023518090994	0.510350109731489	0.516203287744168	0.549306595454394	0.703921450555332	0.346256641487249	0.28403346663613	0.55915923287554	0.238644191238531	0.307509023453233	0.196544596201383	0.388184537505752	0.313397145307523	0.223923307649723	0.136276473933707	0.0664388066060892	0.149029440648572	0.0833203553958271	0.120463474804696	0	0.177773218696533	0.110542657379362	0.0792112750429533	0.181044014947317	0.0518821639576356	0.363737611968744	0.13303766097634	0.129359634076615	0.0791481394893986	0.116405500479693	0.23775014655936	0.691105121293801	0.221037041906807	0.168398965660816	0.315638351027743	0.204896565544457	0.182225916491415	0.223837370306096	0.146004304817732	0.144869703646658	0.229097883949399	0.187843270606635	0.114421744716225	0.4894494983528	0.372766190055031	0.388035339922132	0.267229030959868	0.668165656402549	0.391910002994909	0.570957880224308	0.521076371660714	0.376219706300613	0.339824111986722	0.522336291817424	0.504661164366442	0.411560506713056	0.550031894469358
Rhamnus.leptophylla..35.	0.663885390018292	0.281693622974777	0.286757818639007	0.293811135182234	0.24999214207135	0.224445142926991	0.301590297422599	0.219683519811275	0.224780055036316	0.0931199194160136	0.569971592184729	0.483411674500783	0.500597857404788	0.486080723804749	0.770799390957673	0.609447130310221	0.608750749413566	0.642430654928484	0.792702316584242	0.476824349101577	0.390492984872717	0.65307360072742	0.338829918706156	0.385240506809302	0.292909568142315	0.491377935702978	0.407693912248368	0.324060501288224	0.164852675743765	0.204991971951245	0.0774389731331937	0.171343007316605	0.236452797822155	0.177773218696533	0	0.23656727602068	0.138236515380861	0.289237897003986	0.165075114654323	0.455781738888174	0.245912973440201	0.209237495178089	0.116455765474507	0.174728235535418	0.242053627855187	0.768476436592446	0.349228389737928	0.271540690654431	0.429960678283572	0.280678797921809	0.253276842597918	0.309542324095423	0.2300709960039	0.253924520853446	0.356512009349828	0.282482221436429	0.146848676857005	0.59445044702883	0.492305537752436	0.477933089151133	0.366245960533553	0.749113973280146	0.52841208724047	0.674961225186558	0.61783602223051	0.484293041413886	0.440448897670574	0.609355862227149	0.611099353759221	0.505377163856203	0.63400075971415
Rhamnus.longipes..36.	0.576043527580007	0.139760338902714	0.141576126742974	0.179650775008337	0.164265941198931	0.116480324894796	0.208157779005073	0.134128765684303	0.104196566942928	0.191156276212896	0.490968752191598	0.39464886964887	0.420330784089122	0.390131745203192	0.688091899265677	0.513264745648132	0.520899849694237	0.557690068049084	0.708989831730016	0.35637168150532	0.296900257812174	0.569734232180845	0.234775814105711	0.321537264627382	0.210700242039679	0.376219537140143	0.313770027223635	0.229122595617441	0.136589756177385	0.095332187857961	0.212139406762998	0.123678672945569	0.0914571944451378	0.110542657379362	0.23656727602068	0	0.122925397686657	0.140360666681543	0.115597915829875	0.366295967777927	0.0940054410080183	0.14000223144553	0.158796428487939	0.129227996749402	0.27993224635032	0.684431569424761	0.195421815319037	0.16512411644735	0.31249211024616	0.183045279967657	0.149808330680937	0.195477249648624	0.0940551258036995	0.140081751486391	0.220779142207195	0.188698374061347	0.140247974772014	0.509079042914417	0.39941337534262	0.39721223900136	0.250005625102275	0.674941444264215	0.388483142875325	0.598072526083546	0.529222149357939	0.393968183527479	0.346209750656119	0.527155483908061	0.523549269590274	0.420917764268828	0.556807682331025
Rhamnus.napalensis..37.	0.613108350264221	0.163711673820567	0.17483709273183	0.189162806806045	0.173784461152882	0.120493595098858	0.22797384085213	0.124005511089552	0.115039600635576	0.0950466717976042	0.511672745852727	0.443075618338776	0.446480130063721	0.415366263760667	0.730180102723176	0.549600401276415	0.558943113957734	0.588976144063863	0.747935841376491	0.37760110151923	0.328017265385686	0.602878475951784	0.258043593833067	0.338435312418978	0.208910273195426	0.412827189926035	0.344326725905673	0.253033752310068	0.151432200028691	0.104187186178505	0.130711274309806	0.11598440545809	0.151786245274202	0.0792112750429533	0.138236515380861	0.122925397686657	0	0.173821438064859	0.06779885319359	0.384197520315941	0.145586048454469	0.138463583200425	0.0531932083610386	0.12102289622361	0.242335759611795	0.731060906984442	0.237811398414736	0.187170059294578	0.340580234600106	0.221850029485478	0.19524507238793	0.244333207447843	0.123327331273167	0.167469914866531	0.252628284325838	0.205205084470435	0.0952608155903778	0.541125252367029	0.414934422645155	0.430160694023616	0.295993434106099	0.708614932107535	0.439493873572821	0.631723561778008	0.567229007427358	0.422314671889437	0.389614111614915	0.56278556752241	0.551130206468552	0.452589630103628	0.59630358647711
Rhamnus.oreodendron..38.	0.514952275288814	0.101815569487983	0.105203349282297	0.127875842511918	0.150373237873238	0.13508430869542	0.14392316017316	0.146508285621189	0.135046190193249	0.252881600027269	0.404791859925788	0.306116221741222	0.332528983815748	0.287286974628747	0.63399641433554	0.44950921687602	0.457758637966971	0.492792455676228	0.651752152988855	0.261164555609	0.212398494751436	0.500708230261802	0.132323232323232	0.210356023287058	0.175457937584803	0.294839510083413	0.229545454545455	0.158038720538721	0.201304713804714	0.16247531463382	0.269788870152242	0.168848404681738	0.124733105877174	0.181044014947317	0.289237897003986	0.140360666681543	0.173821438064859	0	0.18061056998557	0.264515692640693	0.0958641774891775	0.173062770562771	0.202646637659393	0.179101777459828	0.309273970710141	0.630386751613167	0.142153239714215	0.132343689508324	0.241380090997438	0.121638920719803	0.114241908884766	0.131362858032379	0.139661349976884	0.102625747268604	0.126243572546389	0.132281144781145	0.183234169127861	0.437237328643579	0.310624239042208	0.320885763283151	0.17092803030303	0.61187303000379	0.338846801346801	0.520501100910584	0.469386944247019	0.318855985350191	0.286053005518654	0.466412215787216	0.448925784428604	0.344648134076325	0.499561684373366
Rhamnus.parvifolia..39.	0.581731644423952	0.156735582425238	0.150954374572796	0.189893099165251	0.148560791060791	0.113999184971407	0.223332882395382	0.14159149094633	0.0997093837535014	0.119524718501096	0.483968447227376	0.421701539201539	0.409473304473304	0.383953641295413	0.699861313325439	0.524787926099402	0.525578269467158	0.560837046319502	0.717617051978754	0.344400619956175	0.293220439691028	0.575339363017934	0.229758297258297	0.301607018460467	0.175937439426245	0.391352197937564	0.298962842712843	0.221743626743627	0.124486531986532	0.0768068014459767	0.147923755830733	0.0885334829779274	0.139231785163989	0.0518821639576356	0.165075114654323	0.115597915829875	0.06779885319359	0.18061056998557	0	0.360178571428571	0.121261544011544	0.118181818181818	0.0696576920811615	0.0924156822461907	0.215813108286513	0.713340820604972	0.200805617147081	0.172120508218069	0.298188039284978	0.20178157626687	0.164062088704946	0.217382088991678	0.132375453564774	0.1407899573971	0.224129956506717	0.172228134519801	0.0986246645358795	0.513241642616643	0.388073733991703	0.388265813788202	0.270519142316017	0.681357069709604	0.408577441077441	0.589587873812012	0.535538289792021	0.397883972172052	0.359680116321338	0.532850415350415	0.529051714784797	0.422995302569771	0.568961936898618
Rhamnus.rosthornii..40.	0.326821735956351	0.266835535154501	0.252567498291182	0.287981875719217	0.285812567062567	0.321459636042969	0.249777086339586	0.314614171670623	0.314900404606287	0.425326166615537	0.25275888133031	0.322952741702742	0.178350734233087	0.156627341833038	0.438485323014471	0.24481130587688	0.267924950563839	0.304654576255453	0.452893026004728	0.10685859921971	0.112580284639108	0.317397443826015	0.208277417027417	0.177227633477633	0.286513365711127	0.0706444526566478	0.209032587782588	0.224969937469937	0.381017516434183	0.34210523869029	0.442414244885175	0.375448132114799	0.334696388827745	0.363737611968744	0.455781738888174	0.366295967777927	0.384197520315941	0.264515692640693	0.360178571428571	0	0.314093554593555	0.381902958152958	0.386171236171236	0.362993280260229	0.393764711450882	0.432221757103832	0.27741834723542	0.298679961637279	0.282166845814805	0.286407138613021	0.315870141762999	0.323696974638755	0.354487693626043	0.289614684257541	0.19911069955084	0.283780763989097	0.359770856090949	0.269094215969216	0.157975918034512	0.175886126725679	0.17848311988937	0.425997036970539	0.172878420447865	0.344659505564678	0.278744310554012	0.174785918949826	0.175459130564092	0.272112193362193	0.270727526789557	0.204201590371803	0.313729938184087
Rhamnus.sphaerosperma..41.	0.524319550108012	0.119621510673235	0.119434837092732	0.166478501105083	0.14718660968661	0.127920047031158	0.165698412698413	0.132911418330773	0.115934018051665	0.206849393825772	0.420580640589569	0.364505651755652	0.372245487083722	0.3446742013261	0.636489376468076	0.470965977101223	0.470433519498334	0.507142601875058	0.656776680175616	0.303918577307466	0.248114379084967	0.520100907029478	0.193638528138528	0.277757799671593	0.20838237384506	0.3332158343012	0.269886724386724	0.218313852813853	0.157409371492705	0.123697021764032	0.21574052540913	0.125492063492063	0.094364406779661	0.13303766097634	0.245912973440201	0.0940054410080183	0.145586048454469	0.0958641774891775	0.121261544011544	0.314093554593555	0	0.128926406926407	0.163849044379657	0.125863330642992	0.273073961499493	0.646828241988619	0.176211382113821	0.174071815718157	0.279675574991901	0.180166666666667	0.145732905982906	0.18219118286584	0.104573971336107	0.139126984126984	0.192111334674715	0.179415343915344	0.141725226227563	0.46091335978836	0.336052269345238	0.332912994551054	0.218853174603175	0.619884847487382	0.348802469135802	0.54081157635468	0.48192073363342	0.346108719646799	0.306935841512177	0.474187365937366	0.478310866451844	0.37210587639311	0.513073941221321
Rhamnus.subapetala..42.	0.573398054936516	0.185255510772752	0.190015948963317	0.224262151350759	0.21039627039627	0.167489711934156	0.241859668109668	0.16080156402737	0.162065189712249	0.181835452386633	0.500299616058545	0.419854497354497	0.445873864697394	0.420893473614993	0.683681999365856	0.531592624133608	0.525005611672278	0.558194961308996	0.705126953424826	0.36691999358666	0.315182497241321	0.572460575139146	0.261731601731602	0.342261531571876	0.256128448665762	0.403123394220955	0.340858585858586	0.27953823953824	0.149260862594196	0.153998750390503	0.189924801727127	0.0786907434129656	0.0774368381148042	0.129359634076615	0.209237495178089	0.14000223144553	0.138463583200425	0.173062770562771	0.118181818181818	0.381902958152958	0.128926406926407	0	0.148706857201755	0.129095311468193	0.276412145773848	0.695347273271801	0.26795375356351	0.223840143596241	0.365950466766793	0.187003756047874	0.181253984111127	0.202499258732135	0.133327869541462	0.199838177695321	0.274345466739833	0.247786195286195	0.126792221278203	0.505757275132275	0.396430065160534	0.402557666214383	0.289048520923521	0.658320482640759	0.424900593233926	0.605077499129223	0.526070154279109	0.393051398564644	0.360130696275734	0.525227272727273	0.535320796580195	0.42875149673022	0.549329524187603
Rhamnus.utilis..43.	0.604868658508768	0.184618012503305	0.189273438698788	0.205074208706991	0.168900340966668	0.138470317580295	0.235186771137026	0.139342077076606	0.130985965814897	0.0716037727426929	0.503819444444444	0.43670297484073	0.427267573696145	0.399662529267283	0.726479769785343	0.551129140180662	0.550200162369474	0.584198591717389	0.742518936652675	0.377362055933484	0.31839180116491	0.59499433106576	0.256396508819978	0.320756816683981	0.21096171233241	0.420684696642885	0.332195055511382	0.241913240765282	0.131554061018347	0.112047361900087	0.0963249705566981	0.0975856488980072	0.160193340855309	0.0791481394893986	0.116455765474507	0.158796428487939	0.0531932083610386	0.202646637659393	0.0696576920811615	0.386171236171236	0.163849044379657	0.148706857201755	0	0.104425440474818	0.218325734549139	0.735244726821546	0.255356451523699	0.192441157647728	0.345242144476838	0.211781617408868	0.178499009493907	0.230385348855785	0.153771236881253	0.17644692797754	0.265460107584281	0.199863563150128	0.0830725358679297	0.531954680020156	0.404855132157029	0.41783599011744	0.298742078676709	0.701172646477946	0.444756235827664	0.60853624208304	0.559303327466974	0.408545449084711	0.383386127988091	0.556934485505914	0.540762620837809	0.448371689101172	0.590394498410718
Sageretia.pauciflora..44.	0.583472785363268	0.17382807789003	0.172857142857143	0.201827218765644	0.15900229713789	0.130305702527925	0.211342816787732	0.13240429760386	0.130163477820507	0.154723615056593	0.477520393750721	0.383191377047309	0.416327208849641	0.390867992766727	0.700872521236206	0.52333419336059	0.528094640241533	0.55973705056741	0.718300276475538	0.367499177951155	0.298433139734236	0.571821985856489	0.240440482304889	0.289922351173082	0.1924327113424	0.390929447430068	0.284590578912613	0.222893584757992	0.0966946502963452	0.117343135052378	0.152045154986621	0.0783723931087396	0.118361581920904	0.116405500479693	0.174728235535418	0.129227996749402	0.12102289622361	0.179101777459828	0.0924156822461907	0.362993280260229	0.125863330642992	0.129095311468193	0.104425440474818	0	0.204872666701011	0.705895655352003	0.226812207589388	0.191584480009449	0.301535965475779	0.178851441706626	0.146167704369884	0.193277416608622	0.131993484410384	0.157474345670472	0.252722549989201	0.190966056855887	0.0850974557413651	0.518524964128778	0.38848483845339	0.393212006954734	0.274084443099274	0.680347193552106	0.422456132484381	0.597375455734602	0.537593442526405	0.397888504936153	0.3609157532854	0.532960339273899	0.530619147748305	0.427838882878551	0.568207827132037
Sageretia.thea..45.	0.653930759638616	0.283432272803146	0.281563172114684	0.294042916565136	0.230471665844006	0.229908825013238	0.296907294832827	0.218165542736579	0.243539874578673	0.251042323167051	0.567535174530805	0.353261592623295	0.518829009145029	0.456714557175774	0.747067369071472	0.571033476173867	0.607456763022169	0.644839442973075	0.76281577169875	0.462291476436472	0.389286831753978	0.638771710811984	0.29012987012987	0.303236179529283	0.222610919566302	0.412620520012191	0.280895888980995	0.255974640017193	0.193234097134806	0.227637465748894	0.237938549987041	0.238166535329656	0.272567101128226	0.23775014655936	0.242053627855187	0.27993224635032	0.242335759611795	0.309273970710141	0.215813108286513	0.393764711450882	0.273073961499493	0.276412145773848	0.218325734549139	0.204872666701011	0	0.705125117088184	0.305160120180229	0.269750146209669	0.313644383792017	0.26068696982339	0.27346864550512	0.294237415164259	0.250803487407495	0.249751079509818	0.312036759564479	0.278156661600811	0.191314660682328	0.622582548829224	0.514728218137876	0.459815852349196	0.288820948370483	0.746215470860044	0.519221288791324	0.649411196124329	0.606734039192756	0.518576818731814	0.46037681977669	0.587011966373668	0.596286181512545	0.466231847348869	0.645076054206873
Scutia.eberhardtia..46.	0.200685971422546	0.608032293377121	0.60577694235589	0.652313756487389	0.678908355795148	0.668270883941743	0.583315363881402	0.66651812885836	0.675480800286572	0.748018938670402	0.379023138343388	0.631923230508136	0.406570814908773	0.468014707276112	0.112478394352918	0.201327149583413	0.287168803774324	0.236434070851482	0.151896462184499	0.450742857512599	0.430836291539677	0.160746641423865	0.610531051757467	0.578917908521031	0.698788514748808	0.406579120373414	0.601401208854039	0.623785417063719	0.70575574553562	0.679269057036028	0.753821120374433	0.704305513959602	0.660435606925853	0.691105121293801	0.768476436592446	0.684431569424761	0.731060906984442	0.630386751613167	0.713340820604972	0.432221757103832	0.646828241988619	0.695347273271801	0.735244726821546	0.705895655352003	0.705125117088184	0	0.611136494788128	0.682291689493714	0.635510601365434	0.683554648274404	0.701420689223924	0.687051225245849	0.717722662735485	0.67713226800154	0.596145953287861	0.677015739908822	0.713692680387267	0.231085228029017	0.370744392735475	0.37170878536339	0.555470153863432	0.22960053163079	0.333413925493328	0.174839204387025	0.262906249674062	0.368841793454439	0.397147978208039	0.266864047335745	0.220092177884063	0.334389277589799	0.287631746554874
Scutia.myrtina..47.	0.512044057412256	0.109099060612938	0.106028078325896	0.167429443733859	0.169120581315703	0.164219128633085	0.130860433604336	0.188160178836811	0.179455413601755	0.29705265500349	0.400461205823793	0.334839759382442	0.340581849270874	0.280459412076038	0.61721957686425	0.449691908950705	0.455148364424561	0.498112221044934	0.640954388761213	0.255219699794	0.21213733460864	0.505344422321774	0.171359940872136	0.21519183787897	0.181752387886352	0.27861014324429	0.208143455460529	0.143133424840742	0.262490761271249	0.176418847859318	0.339718103161098	0.261929281197574	0.235765139733722	0.221037041906807	0.349228389737928	0.195421815319037	0.237811398414736	0.142153239714215	0.200805617147081	0.27741834723542	0.176211382113821	0.26795375356351	0.255356451523699	0.226812207589388	0.305160120180229	0.611136494788128	0	0.19082462253194	0.231246345808939	0.214105235590171	0.188167136773409	0.202713739466162	0.214011140804889	0.155346772855484	0.1431475029036	0.169119133651654	0.2534684005051	0.434549115208414	0.295851896716512	0.303146542259666	0.161591717479675	0.597810914950822	0.29667174796748	0.51157954196537	0.455879152919106	0.333613197473034	0.286160261752563	0.448407244352366	0.458872555226626	0.332322375845339	0.484043965244705
Ventilago.calyculata..48.	0.564018777761742	0.14182241535059	0.130975711636816	0.0899142764031619	0.0982230957840714	0.112897542335212	0.197655463608207	0.125001873290622	0.104716595310211	0.22562332147506	0.464778375781207	0.35667637466418	0.378725338373832	0.308686175921434	0.687007689984011	0.499706466619701	0.506377525415466	0.545803731324698	0.704763428637326	0.288163705711131	0.259546393082978	0.54824753885294	0.170350279801499	0.235235024764041	0.124672658773496	0.305816879597367	0.232539506563897	0.167739752343411	0.222442191954387	0.158630428535508	0.25991005591119	0.207539467458167	0.182674199623352	0.168398965660816	0.271540690654431	0.16512411644735	0.187170059294578	0.132343689508324	0.172120508218069	0.298679961637279	0.174071815718157	0.223840143596241	0.192441157647728	0.191584480009449	0.269750146209669	0.682291689493714	0.19082462253194	0	0.231972492829885	0.110805236728838	0.0976205366449269	0.10057309648439	0.144397742521115	0.0604942112346294	0.157384142251885	0.0835810803544543	0.175147893668523	0.478955113831892	0.365800841741676	0.36543877592294	0.202400158488192	0.664267538906462	0.399319804705984	0.557175330743455	0.52239821989549	0.355632183687021	0.341468660324553	0.519423491435687	0.490079765325043	0.39359436907439	0.543651871406425
Ventilago.calyculata.var..trichoclada..49.	0.547785641447337	0.250858112812722	0.236957913491211	0.226817134328113	0.21184132383112	0.254459111687003	0.280327988338192	0.259864990543068	0.25658977876865	0.393409848003693	0.419243500971817	0.241289473942535	0.358275294244682	0.271268395845378	0.649105136395792	0.48540037014025	0.493969983643075	0.53622595794096	0.670643380959273	0.299887021240007	0.310726552525772	0.517584629089731	0.155524339605972	0.177440853188566	0.177939686891103	0.266811303499332	0.105560561887093	0.164711252466354	0.332531011442576	0.290170118120886	0.430906050127692	0.346052622107044	0.318084861063069	0.315638351027743	0.429960678283572	0.31249211024616	0.340580234600106	0.241380090997438	0.298188039284978	0.282166845814805	0.279675574991901	0.365950466766793	0.345242144476838	0.301535965475779	0.313644383792017	0.635510601365434	0.231246345808939	0.231972492829885	0	0.243926141885326	0.244257556502454	0.251801633895567	0.292140702790594	0.206936345966958	0.177434162799929	0.184947179930173	0.323498905570239	0.477396727540222	0.3889866716776	0.419049371703194	0.212109628077421	0.634557509639801	0.397750760357053	0.542663114506886	0.537529815290248	0.407242935016958	0.421267034621919	0.53841865188804	0.505286174620224	0.448940047143477	0.554239747468961
Ventilago.cristata..50.	0.569267682418135	0.182290962361956	0.170391419725785	0.153590560696853	0.146990740740741	0.167967804405713	0.198152135854342	0.158839342188488	0.147058823529412	0.252309775616283	0.458328539749233	0.305325488781371	0.37302559912854	0.305955926674467	0.687416547336423	0.500800251794707	0.515160416018259	0.545135476217777	0.704866971611339	0.302447882445159	0.26103719265484	0.561308189942644	0.164030642560054	0.214846340835185	0.13715735050239	0.300074298011888	0.225243188184365	0.163576238576239	0.182014767186336	0.202408446196348	0.2505235362879	0.164585754054708	0.144603787842821	0.204896565544457	0.280678797921809	0.183045279967657	0.221850029485478	0.121638920719803	0.20178157626687	0.286407138613021	0.180166666666667	0.187003756047874	0.211781617408868	0.178851441706626	0.26068696982339	0.683554648274404	0.214105235590171	0.110805236728838	0.243926141885326	0	0.0751620520002873	0.0996461027333308	0.13762005611306	0.0973895113600996	0.176325189700293	0.107700811806204	0.169021931202388	0.491358754149808	0.381360057043651	0.376128722633332	0.190498074229692	0.664841716256395	0.404235722066604	0.565946545284781	0.523461503175068	0.371037427112125	0.338793112664913	0.518755236328766	0.494313471002436	0.402727491705902	0.550596996440498
Ventilago.denticulate..51.	0.572637999973165	0.154738146363762	0.140608480909233	0.14457073968828	0.104090354090354	0.150986491462682	0.200414486307343	0.146028088654817	0.135270774976657	0.231326716028628	0.473705139106925	0.317901410758554	0.380290620521713	0.325758047457867	0.693716439087996	0.512444525939842	0.517797304106828	0.550432042662619	0.711166863362912	0.29242591623544	0.27312651556349	0.563298665620094	0.174528011670869	0.230794943972284	0.136687311740617	0.328119190140096	0.230852797995655	0.163073170216027	0.162048004905148	0.172829575922359	0.233255786910272	0.153092831624578	0.139188965460152	0.182225916491415	0.253276842597918	0.149808330680937	0.19524507238793	0.114241908884766	0.164062088704946	0.315870141762999	0.145732905982906	0.181253984111127	0.178499009493907	0.146167704369884	0.27346864550512	0.701420689223924	0.188167136773409	0.0976205366449269	0.244257556502454	0.0751620520002873	0	0.0931154407671042	0.118969634156874	0.0846815221815222	0.179242733568689	0.0949968021396593	0.150454411335586	0.488765986273427	0.374807872868699	0.378765610721901	0.218226986307343	0.671141608007967	0.402860389169913	0.566811743264945	0.528103020133937	0.371360590423977	0.345016064754342	0.523816170959028	0.501991241840866	0.405481284166695	0.554490797550685
Ventilago.inaequilateralis..52.	0.551166593329396	0.178190161279439	0.172391938750987	0.13661734389149	0.150380029660852	0.170632101986744	0.225278797021092	0.174825523080052	0.177839491961168	0.276750487524676	0.470317159398006	0.321165997878327	0.390064069767938	0.327193583635408	0.677268869134156	0.507995813416316	0.499257386871542	0.540610404753639	0.694261321841473	0.299531567517361	0.27439639478318	0.548858952256702	0.185235525509498	0.246358466233289	0.172512032141965	0.325989212925397	0.239217221135029	0.199125962824593	0.224180240104898	0.206778031082508	0.275023050174372	0.191620783100996	0.177402972643279	0.223837370306096	0.309542324095423	0.195477249648624	0.244333207447843	0.131362858032379	0.217382088991678	0.323696974638755	0.18219118286584	0.202499258732135	0.230385348855785	0.193277416608622	0.294237415164259	0.687051225245849	0.202713739466162	0.10057309648439	0.251801633895567	0.0996461027333308	0.0931154407671042	0	0.178704108322409	0.117331472162685	0.187955740531469	0.119403221714866	0.196441018262808	0.472913967559373	0.377572888637475	0.364849959270834	0.226267938682322	0.651869821429824	0.404223744292237	0.548310802198379	0.507661964692736	0.355582267380326	0.340980614770221	0.509151401891128	0.493854826237152	0.382591092883282	0.533521408204366
Ventilago.leiocarpa..53.	0.611684395805008	0.167688023764355	0.157522690220697	0.170078184893227	0.137322925187003	0.118442606576371	0.208743257820928	0.119636705292828	0.103531088810929	0.195741673067566	0.494651491259934	0.365631931894068	0.431956115779645	0.39671488848704	0.722366637020083	0.537485157732253	0.555496933081435	0.594599722967974	0.742959255106022	0.360254105237924	0.310101257331411	0.599738100741915	0.229815912243097	0.315854815310791	0.168079505385693	0.363388511138926	0.289356253239748	0.236580086580087	0.122955631208058	0.136239282020485	0.213282167436604	0.123695256359766	0.10591378891527	0.146004304817732	0.2300709960039	0.0940551258036995	0.123327331273167	0.139661349976884	0.132375453564774	0.354487693626043	0.104573971336107	0.133327869541462	0.153771236881253	0.131993484410384	0.250803487407495	0.717722662735485	0.214011140804889	0.144397742521115	0.292140702790594	0.13762005611306	0.118969634156874	0.178704108322409	0	0.119570206723466	0.217137126968933	0.172254327836852	0.107892508241841	0.547198945651615	0.414902939710472	0.421936405581892	0.247456272152874	0.705661512960963	0.427528424170819	0.629769796100563	0.568866667970059	0.428347616292064	0.393604973301853	0.56223455077824	0.556698090580126	0.454418606938747	0.599172583633304
Ventilago.leiocarpa.var..pubescens..54.	0.558473016096642	0.135318437719916	0.12516201217329	0.107768951462442	0.0979090354090354	0.104241202653901	0.177348119803477	0.116704992929071	0.0934084745009115	0.225932212342505	0.450183059334845	0.332805521198378	0.357585534213685	0.303569634604897	0.681461928318911	0.492888198084334	0.501075522801713	0.540257969659599	0.699217666972226	0.282229990761737	0.247281690453959	0.543592214663643	0.14981580258366	0.211248924857299	0.104377206935842	0.302109258337481	0.21293599257885	0.146505016147873	0.192257610114753	0.119585242458954	0.242252017085904	0.170311161501638	0.163085149313963	0.144869703646658	0.253924520853446	0.140081751486391	0.167469914866531	0.102625747268604	0.1407899573971	0.289614684257541	0.139126984126984	0.199838177695321	0.17644692797754	0.157474345670472	0.249751079509818	0.67713226800154	0.155346772855484	0.0604942112346294	0.206936345966958	0.0973895113600996	0.0846815221815222	0.117331472162685	0.119570206723466	0	0.125964517262304	0.0766156462585034	0.16345444719944	0.474070727828168	0.354414608725435	0.363241544544849	0.194284710411943	0.658977793626411	0.386514235323759	0.550225160945604	0.51685245823039	0.353154111166174	0.333043611846774	0.513877729770587	0.48620484743605	0.388145394091443	0.546666447995986
Ventilago.maderaspatana..55.	0.486304133148662	0.152177914228667	0.130887724004848	0.158428489360919	0.167779253870803	0.18126029841601	0.198427788955958	0.212208826435314	0.185014471359749	0.314102836617254	0.371705780316822	0.277270356143596	0.276478095150423	0.210435184949359	0.603375885607617	0.413348991948045	0.430925988026927	0.462171926948304	0.621131624260932	0.194213152716022	0.184699920656839	0.475689494107502	0.103084771253785	0.120504637017507	0.159346793864347	0.223965200416592	0.145459067536532	0.118705541328781	0.291619752183132	0.192917297600033	0.34531426283801	0.264791713242417	0.228956223214996	0.229097883949399	0.356512009349828	0.220779142207195	0.252628284325838	0.126243572546389	0.224129956506717	0.19911069955084	0.192111334674715	0.274345466739833	0.265460107584281	0.252722549989201	0.312036759564479	0.596145953287861	0.1431475029036	0.157384142251885	0.177434162799929	0.176325189700293	0.179242733568689	0.187955740531469	0.217137126968933	0.125964517262304	0	0.129024455374221	0.262294640114832	0.408092827800134	0.279056740617315	0.304759026797602	0.138843914179522	0.582568477943956	0.306719716446829	0.488180963173678	0.440424790311799	0.28992912589592	0.285693379957438	0.435791687059293	0.419202852873297	0.325165353825078	0.470257132313532
Ventilago.oblongifolia..56.	0.556366849555952	0.158509700176367	0.148875893437297	0.0881286557051325	0.105679775471442	0.139447383891828	0.199389329805996	0.149669845536781	0.112192654839714	0.248767818953186	0.450391707608969	0.315438612313612	0.35201687156344	0.266357466568437	0.680705205392238	0.494088909850522	0.500218621399177	0.538151803118908	0.698155629667154	0.261680016656869	0.250510945118788	0.544660651297556	0.125011924803591	0.187961442559144	0.118359590934218	0.304380135071192	0.188793490460157	0.120234086900754	0.22257696007696	0.173499574992273	0.271448566506706	0.216635802469136	0.200447269303201	0.187843270606635	0.282482221436429	0.188698374061347	0.205205084470435	0.132281144781145	0.172228134519801	0.283780763989097	0.179415343915344	0.247786195286195	0.199863563150128	0.190966056855887	0.278156661600811	0.677015739908822	0.169119133651654	0.0835810803544543	0.184947179930173	0.107700811806204	0.0949968021396593	0.119403221714866	0.172254327836852	0.0766156462585034	0.129024455374221	0	0.196938510606735	0.471303185626102	0.359666246417548	0.357325064492353	0.177385774911817	0.65813037431221	0.383090828924162	0.549190879097488	0.515091786438179	0.346151136748543	0.339975025916502	0.511771563229896	0.484551201084722	0.387840420841307	0.541343897052594
Ventilago.pauciflora..57.	0.603195439635051	0.187557867706111	0.18561684585295	0.198451381025615	0.146999418027455	0.132755883015488	0.217873275478416	0.111864804207282	0.136887527596708	0.12605275976017	0.488422095863267	0.388216387281808	0.435325313926193	0.398462084467053	0.720377793211077	0.540608759463134	0.547697135275017	0.584657429312291	0.738133531864393	0.382839671001665	0.312805454476702	0.59282553987327	0.242609270272822	0.314856974049691	0.1873181931907	0.379373582120334	0.306096209086863	0.246873946406657	0.111129991503823	0.134284888442322	0.136645645241603	0.0884842341228634	0.139589509176077	0.114421744716225	0.146848676857005	0.140247974772014	0.0952608155903778	0.183234169127861	0.0986246645358795	0.359770856090949	0.141725226227563	0.126792221278203	0.0830725358679297	0.0850974557413651	0.191314660682328	0.713692680387267	0.2534684005051	0.175147893668523	0.323498905570239	0.169021931202388	0.150454411335586	0.196441018262808	0.107892508241841	0.16345444719944	0.262294640114832	0.196938510606735	0	0.540525484596746	0.415230912628876	0.415603751381056	0.264024544299807	0.69959963686007	0.437433862433862	0.623195627375453	0.55948804228376	0.420467417434676	0.382694992814847	0.553770272274945	0.553962286669054	0.448888983577789	0.587288291229645
Ziziphus.apetala..58.	0.119470852183192	0.41668476897464	0.411546444235589	0.451583656346974	0.489231129595713	0.483636004556143	0.432894345238095	0.484172453703704	0.480165943692292	0.538622071112639	0.228493283887629	0.494201313732564	0.224913680750078	0.290345293209877	0.218661279025395	0.11512433772082	0.140230471046443	0.126059143808596	0.239096336870051	0.239458559915736	0.258327983971366	0.101961963025951	0.446950231481481	0.404853556604634	0.521625071566769	0.258750625080656	0.442318196849447	0.456403694684945	0.557999639249639	0.484495343097147	0.566238823264017	0.507393077601411	0.473574959644875	0.4894494983528	0.59445044702883	0.509079042914417	0.541125252367029	0.437237328643579	0.513241642616643	0.269094215969216	0.46091335978836	0.505757275132275	0.531954680020156	0.518524964128778	0.622582548829224	0.231085228029017	0.434549115208414	0.478955113831892	0.477396727540222	0.491358754149808	0.488765986273427	0.472913967559373	0.547198945651615	0.474070727828168	0.408092827800134	0.471303185626102	0.540525484596746	0	0.176116588128307	0.208669141889757	0.411574074074074	0.242677874241094	0.180808164315109	0.114477731785562	0.14050960886704	0.153778172340189	0.219770651581243	0.160363540623957	0.0831097150117357	0.191466934734887	0.156179115114022
Ziziphus.attopensis..59.	0.246541031584601	0.288671180127942	0.286656174942565	0.333075526327356	0.360633720301689	0.361871750532775	0.277777467757936	0.364436773953533	0.365873775725568	0.427110441761186	0.218876886692177	0.443444442565536	0.167757237443589	0.22639738500226	0.365339594065859	0.196853222376724	0.196716717647707	0.22601001200919	0.380882692449764	0.139797572353273	0.141547673757003	0.237921051232993	0.313981923024892	0.29820461095717	0.387804490382907	0.166404397442412	0.325673278544372	0.329001463669432	0.444730492549503	0.36145416244784	0.466265791785868	0.381571789113022	0.355504927739104	0.372766190055031	0.492305537752436	0.39941337534262	0.414934422645155	0.310624239042208	0.388073733991703	0.157975918034512	0.336052269345238	0.396430065160534	0.404855132157029	0.38848483845339	0.514728218137876	0.370744392735475	0.295851896716512	0.365800841741676	0.3889866716776	0.381360057043651	0.374807872868699	0.377572888637475	0.414902939710472	0.354414608725435	0.279056740617315	0.359666246417548	0.415230912628876	0.176116588128307	0	0.103856068430171	0.306471664186508	0.341355589614878	0.0940074887014991	0.253766431051587	0.188601673243406	0.0842692544905655	0.138475107063341	0.183504430770056	0.189720825967448	0.135911412160166	0.231389854147172
Ziziphus.cambodiana..60.	0.239842874946204	0.300774657092207	0.293303220738413	0.336694128813437	0.35887655738402	0.367861310730299	0.286904984008529	0.366997577397192	0.373687090922604	0.436538762878521	0.254223937709412	0.453371759528476	0.214327986584352	0.277173280673186	0.352626216026423	0.191641713369142	0.184944106627357	0.230207030151387	0.365681193828225	0.190559584499607	0.138430716399329	0.236525154838055	0.310169875729577	0.312315270935961	0.394506633499171	0.202948924078793	0.357686190260817	0.338478557788259	0.415363867291728	0.375220760458874	0.436706578770966	0.384903261470426	0.360611390183867	0.388035339922132	0.477933089151133	0.39721223900136	0.430160694023616	0.320885763283151	0.388265813788202	0.175886126725679	0.332912994551054	0.402557666214383	0.41783599011744	0.393212006954734	0.459815852349196	0.37170878536339	0.303146542259666	0.36543877592294	0.419049371703194	0.376128722633332	0.378765610721901	0.364849959270834	0.421936405581892	0.363241544544849	0.304759026797602	0.357325064492353	0.415603751381056	0.208669141889757	0.103856068430171	0	0.282944096481876	0.345890623140606	0.12840879925768	0.242316149139361	0.183402432283029	0.102394543366422	0.10289566797058	0.167145018152481	0.194246120810199	0.0711354574644508	0.235748891226959
Ziziphus.funiculosa..61.	0.475525896379262	0.159101683657179	0.146189236111111	0.196962668901949	0.177391286375661	0.207348848104056	0.163503224206349	0.213786148980201	0.211917527427638	0.32481315812086	0.355954152494331	0.283065025252525	0.302937042872705	0.215221738748242	0.574681527599829	0.396380391295863	0.415069413825201	0.458279741599369	0.599361965974333	0.225838507985499	0.17140887605042	0.465806760204082	0.116720441017316	0.144346734742748	0.179419587331201	0.188307866337592	0.137275996572872	0.110971696127946	0.279609838464005	0.249782282973327	0.356715222022271	0.285865299823633	0.243278349475383	0.267229030959868	0.366245960533553	0.250005625102275	0.295993434106099	0.17092803030303	0.270519142316017	0.17848311988937	0.218853174603175	0.289048520923521	0.298742078676709	0.274084443099274	0.288820948370483	0.555470153863432	0.161591717479675	0.202400158488192	0.212109628077421	0.190498074229692	0.218226986307343	0.226267938682322	0.247456272152874	0.194284710411943	0.138843914179522	0.177385774911817	0.264024544299807	0.411574074074074	0.306471664186508	0.282944096481876	0	0.569521192213444	0.290279155643739	0.494908234126984	0.42719333639343	0.303400527567539	0.243130244305101	0.422686011904762	0.422162083034968	0.313992580631543	0.456485398471616
Ziziphus.guatemalensis..62.	0.16365597998441	0.603830629396734	0.598675500194418	0.645334899986944	0.659942415069143	0.666890816461989	0.58991553745154	0.670036025162753	0.670107998396491	0.72468373048991	0.267198472130788	0.616984969289117	0.322182295857411	0.428422830272711	0.143234795726478	0.250204618247793	0.176227986880402	0.146365102036539	0.12417509419691	0.40265164342652	0.429273133984777	0.209311590227489	0.612388932112434	0.574155240516674	0.691901257373436	0.413374213440949	0.599992618748379	0.629923203396706	0.698428694818864	0.661788932400363	0.72796365191071	0.674826139137455	0.637712003883018	0.668165656402549	0.749113973280146	0.674941444264215	0.708614932107535	0.61187303000379	0.681357069709604	0.425997036970539	0.619884847487382	0.658320482640759	0.701172646477946	0.680347193552106	0.746215470860044	0.22960053163079	0.597810914950822	0.664267538906462	0.634557509639801	0.664841716256395	0.671141608007967	0.651869821429824	0.705661512960963	0.658977793626411	0.582568477943956	0.65813037431221	0.69959963686007	0.242677874241094	0.341355589614878	0.345890623140606	0.569521192213444	0	0.318754343135103	0.226636701399136	0.194052927702938	0.314450247805453	0.343349590513378	0.204437050612166	0.237612464340575	0.327504622301906	0.155577667513453
Ziziphus.horsfieldii..63.	0.231808418907778	0.297954106610716	0.296457869210062	0.354499307927578	0.378105073938407	0.390279614932393	0.287579365079365	0.377267345110087	0.380424901442058	0.465574789262453	0.207292060342656	0.447024310565977	0.171301591624304	0.235692867747193	0.331904084711447	0.175610507560644	0.182628478346071	0.212565847489093	0.352003335021952	0.161015579071135	0.157132806826434	0.240846718316956	0.327284451659452	0.323445957246245	0.405945882360683	0.160770879038155	0.339445346320346	0.338028599486933	0.446436588103255	0.380570783105147	0.512994750010254	0.423183421516755	0.370692464054046	0.391910002994909	0.52841208724047	0.388483142875325	0.439493873572821	0.338846801346801	0.408577441077441	0.172878420447865	0.348802469135802	0.424900593233926	0.444756235827664	0.422456132484381	0.519221288791324	0.333413925493328	0.29667174796748	0.399319804705984	0.397750760357053	0.404235722066604	0.402860389169913	0.404223744292237	0.427528424170819	0.386514235323759	0.306719716446829	0.383090828924162	0.437433862433862	0.180808164315109	0.0940074887014991	0.12840879925768	0.290279155643739	0.318754343135103	0	0.258586214498571	0.17744503343073	0.117286542100284	0.140805700284072	0.168120173745174	0.180001632719365	0.129611766232629	0.206618209106382
Ziziphus.incurva..64.	0.102318517762815	0.505039682539683	0.493713954426296	0.529032030097067	0.560679094213577	0.566784802043423	0.49942614258347	0.57339561594011	0.567001124204471	0.630505249343832	0.296299627609665	0.561586472276127	0.295419819268704	0.369285211975085	0.168261466640158	0.124681978877852	0.172043845067472	0.138116331697699	0.202440199606377	0.32181624061573	0.334831973019093	0.0615316873875987	0.512939244663383	0.473033661740558	0.599252015783153	0.346767174629874	0.517293625914316	0.527896016818431	0.615860465630581	0.559727455859699	0.628444690537714	0.58591173549028	0.558227505496646	0.570957880224308	0.674961225186558	0.598072526083546	0.631723561778008	0.520501100910584	0.589587873812012	0.344659505564678	0.54081157635468	0.605077499129223	0.60853624208304	0.597375455734602	0.649411196124329	0.174839204387025	0.51157954196537	0.557175330743455	0.542663114506886	0.565946545284781	0.566811743264945	0.548310802198379	0.629769796100563	0.550225160945604	0.488180963173678	0.549190879097488	0.623195627375453	0.114477731785562	0.253766431051587	0.242316149139361	0.494908234126984	0.226636701399136	0.258586214498571	0	0.160570716477819	0.242012889802339	0.30505790997631	0.16739611532715	0.0994767707445955	0.209518306955945	0.214425538322542
Ziziphus.mauritiana..65.	0.0867583282049413	0.448164622971622	0.442364202379913	0.493515332219753	0.519476336267381	0.52170474786561	0.442612557253415	0.514464097841565	0.524921929800112	0.578602612484385	0.248297821408829	0.552800122762809	0.252334499305527	0.332038621439717	0.202042429499594	0.127441118632702	0.0886579740919155	0.0807938343647953	0.213119878486662	0.263669124980623	0.280251839541787	0.134813108493812	0.464151231576605	0.431198345982185	0.545156163626313	0.285154379573291	0.467961832252877	0.482720730761776	0.562684084388064	0.518599941301511	0.582708802792975	0.529702567409864	0.494283659721302	0.521076371660714	0.61783602223051	0.529222149357939	0.567229007427358	0.469386944247019	0.535538289792021	0.278744310554012	0.48192073363342	0.526070154279109	0.559303327466974	0.537593442526405	0.606734039192756	0.262906249674062	0.455879152919106	0.52239821989549	0.537529815290248	0.523461503175068	0.528103020133937	0.507661964692736	0.568866667970059	0.51685245823039	0.440424790311799	0.515091786438179	0.55948804228376	0.14050960886704	0.188601673243406	0.183402432283029	0.42719333639343	0.194052927702938	0.17744503343073	0.160570716477819	0	0.174854330000371	0.194105121128876	0.0431365320544425	0.10741575717308	0.165713017149981	0.109443386622719
Ziziphus.oenopolia..66.	0.218799367977921	0.311763077385936	0.30807641343978	0.331275855691146	0.363718238469894	0.363069298932066	0.321880551613581	0.371984389782403	0.359473993791777	0.420445488602004	0.239049970153624	0.448554768753444	0.177884880957534	0.231919062788163	0.338786114729007	0.19563097866078	0.175301098691459	0.200169082259241	0.354946137536316	0.142435173180819	0.14700390641908	0.217276827949723	0.326172128092658	0.307823459367762	0.402898233524901	0.184510044662887	0.34654511051862	0.341686197356727	0.444954326190529	0.363656298868288	0.45245799913134	0.386048136857555	0.352690363944433	0.376219706300613	0.484293041413886	0.393968183527479	0.422314671889437	0.318855985350191	0.397883972172052	0.174785918949826	0.346108719646799	0.393051398564644	0.408545449084711	0.397888504936153	0.518576818731814	0.368841793454439	0.333613197473034	0.355632183687021	0.407242935016958	0.371037427112125	0.371360590423977	0.355582267380326	0.428347616292064	0.353154111166174	0.28992912589592	0.346151136748543	0.420467417434676	0.153778172340189	0.0842692544905655	0.102394543366422	0.303400527567539	0.314450247805453	0.117286542100284	0.242012889802339	0.174854330000371	0	0.10242181650983	0.171396069674215	0.174598788045484	0.122989062000264	0.202902945498162
Ziziphus.poilaneo..67.	0.247521046676948	0.270242952406022	0.263804629257622	0.33313532325031	0.340376459842109	0.330749929318632	0.277448200654308	0.338803240659311	0.336034252547499	0.392923403658512	0.246565805075211	0.445247550018542	0.191738951729971	0.232907883899526	0.357238120775758	0.244942971557288	0.196891983162127	0.224073950071673	0.376624612326659	0.170540454425102	0.11117989180405	0.272444024683665	0.302387065860348	0.302698339579756	0.366431202764802	0.180557421100383	0.351699051584548	0.300762830963213	0.391120217074415	0.336611054274547	0.411169440851671	0.350010366600697	0.320264433888447	0.339824111986722	0.440448897670574	0.346209750656119	0.389614111614915	0.286053005518654	0.359680116321338	0.175459130564092	0.306935841512177	0.360130696275734	0.383386127988091	0.3609157532854	0.46037681977669	0.397147978208039	0.286160261752563	0.341468660324553	0.421267034621919	0.338793112664913	0.345016064754342	0.340980614770221	0.393604973301853	0.333043611846774	0.285693379957438	0.339975025916502	0.382694992814847	0.219770651581243	0.138475107063341	0.10289566797058	0.243130244305101	0.343349590513378	0.140805700284072	0.30505790997631	0.194105121128876	0.10242181650983	0	0.19483999266442	0.229210362328941	0.138769912166047	0.225625007606074
Ziziphus.rotundifolia..68.	0.113687100033254	0.44404247843903	0.438621384542437	0.487832624668068	0.515098367598368	0.522046768991213	0.426582609395109	0.509947239866595	0.525263950925716	0.578944633609988	0.255174415486915	0.549000689000689	0.259567740008917	0.341864753541969	0.210075613730322	0.126784272562961	0.0914279755946423	0.0908190646787138	0.216673809067426	0.266127026497397	0.28059386066739	0.153584988049274	0.455628485628486	0.421076532197222	0.54218143516651	0.287701590963786	0.468850668850669	0.479896763646764	0.548147454814121	0.515625212841708	0.57450586799424	0.526727838950061	0.491882639297893	0.522336291817424	0.609355862227149	0.527155483908061	0.56278556752241	0.466412215787216	0.532850415350415	0.272112193362193	0.474187365937366	0.525227272727273	0.556934485505914	0.532960339273899	0.587011966373668	0.266864047335745	0.448407244352366	0.519423491435687	0.53841865188804	0.518755236328766	0.523816170959028	0.509151401891128	0.56223455077824	0.513877729770587	0.435791687059293	0.511771563229896	0.553770272274945	0.160363540623957	0.183504430770056	0.167145018152481	0.422686011904762	0.204437050612166	0.168120173745174	0.16739611532715	0.0431365320544425	0.171396069674215	0.19483999266442	0	0.123629085583973	0.147583518168625	0.118174153567167
Ziziphus.rugosa..69.	0.100755313544498	0.434989927610488	0.432168218164459	0.463628329413044	0.50227028958232	0.505389078958419	0.438092142558778	0.508487376274788	0.495920224815072	0.557968282630085	0.252709340315073	0.527454097002969	0.236892447037294	0.31273778554282	0.216379473668155	0.0592687563952817	0.121385124333467	0.118171752131652	0.2287507459124	0.257239512655831	0.267237816179103	0.0934044933762978	0.450010741138561	0.407391477462128	0.53298758623638	0.267528341032605	0.451029196367542	0.461970470006184	0.54981724392752	0.492206953318495	0.560287531305192	0.517433928737187	0.477449146473933	0.504661164366442	0.611099353759221	0.523549269590274	0.551130206468552	0.448925784428604	0.529051714784797	0.270727526789557	0.478310866451844	0.535320796580195	0.540762620837809	0.530619147748305	0.596286181512545	0.220092177884063	0.458872555226626	0.490079765325043	0.505286174620224	0.494313471002436	0.501991241840866	0.493854826237152	0.556698090580126	0.48620484743605	0.419202852873297	0.484551201084722	0.553962286669054	0.0831097150117357	0.189720825967448	0.194246120810199	0.422162083034968	0.237612464340575	0.180001632719365	0.0994767707445955	0.10741575717308	0.174598788045484	0.229210362328941	0.123629085583973	0	0.169301387968401	0.143163168891245
Ziziphus.rugosa.var..harmandii..70.	0.229160996305023	0.325483876602732	0.317491867967792	0.364721922973337	0.391879475922029	0.394591416813639	0.315415294663965	0.394701550260919	0.403569400573468	0.472202610312009	0.266745745283929	0.483212699436104	0.23249216944461	0.297063192814607	0.341569760397878	0.183571539300524	0.180815727919747	0.217739112359306	0.347174940898345	0.207009904478384	0.164487313838065	0.222573635837314	0.336615317306807	0.333789260385005	0.426062884664822	0.224170054200542	0.386464262687667	0.361678781226654	0.441143450717919	0.395285968448943	0.47318316407876	0.419848399564712	0.387908345210906	0.411560506713056	0.505377163856203	0.420917764268828	0.452589630103628	0.344648134076325	0.422995302569771	0.204201590371803	0.37210587639311	0.42875149673022	0.448371689101172	0.427838882878551	0.466231847348869	0.334389277589799	0.332322375845339	0.39359436907439	0.448940047143477	0.402727491705902	0.405481284166695	0.382591092883282	0.454418606938747	0.388145394091443	0.325165353825078	0.387840420841307	0.448888983577789	0.191466934734887	0.135911412160166	0.0711354574644508	0.313992580631543	0.327504622301906	0.129611766232629	0.209518306955945	0.165713017149981	0.122989062000264	0.138769912166047	0.147583518168625	0.169301387968401	0	0.227219814650131
Ziziphus.thyrsiflora..71.	0.134459565459733	0.484241263387853	0.479086134185537	0.525695776993384	0.547276585213266	0.548719126175458	0.481246555936785	0.550446659153871	0.551452163834966	0.604494900746577	0.24757162599392	0.563089671932467	0.246054358181895	0.335225695404099	0.207225226367725	0.159183770866783	0.113346374724347	0.107059487226882	0.220298302975066	0.290302369442754	0.311139372051586	0.181103115190763	0.499353138370606	0.461119446774845	0.579589911743011	0.301062867810525	0.49350368942072	0.511064993352111	0.591215317379801	0.549477586769938	0.613114218978949	0.563395254268617	0.525572637462949	0.550031894469358	0.63400075971415	0.556807682331025	0.59630358647711	0.499561684373366	0.568961936898618	0.313729938184087	0.513073941221321	0.549329524187603	0.590394498410718	0.568207827132037	0.645076054206873	0.287631746554874	0.484043965244705	0.543651871406425	0.554239747468961	0.550596996440498	0.554490797550685	0.533521408204366	0.599172583633304	0.546666447995986	0.470257132313532	0.541343897052594	0.587288291229645	0.156179115114022	0.231389854147172	0.235748891226959	0.456485398471616	0.155577667513453	0.206618209106382	0.214425538322542	0.109443386622719	0.202902945498162	0.225625007606074	0.118174153567167	0.143163168891245	0.227219814650131	0
