CF_kingdom	CF_superclass	CF_class	CF_subclass	CF_directparent	Alphitonia philippinensis (1)	Berchemia floribunda (2)	Berchemia giraldiana (3)	Berchemia hirtella (4)	Berchemia huana (5)	Berchemia kulingensis (6)	Berchemia lineata (7)	Berchemia loureiroana (8)	Berchemia sinica (9)	Berchemia yunnanensis (10)	Ceanothus asiaticus (11)	Colubrina arborescens (12)	Colubrina asiatica (13)	Colubrina pubescens (14)	Colubrina spinosa (15)	Gouania leptostachya (16)	Guoania javanica (17)	Gouania leptostachya (18)	Gouania hypoglauca (19)	Gouania polygama (20)	Hovenia acerba (21)	Hovenia acerba var. kiukiangensis (22)	Karwinskia calderonii (23)	Krugiodendron ferreum (24)	Paliurus perforatus (25)	Rhamnella franguloides (26)	Rhamnella tonkinensis (27)	Rhamnus crenata (28)	Rhamnus davurica (29)	Rhamnus diamantiaca (30)	Rhamnus erythroxylon (31)	Rhamnus globosa (32)	Rhamnus hainanensis (33)	Rhamnus koraiensis (34)	Rhamnus leptophylla (35)	Rhamnus longipes (36)	Rhamnus napalensis (37)	Rhamnus oreodendron (38)	Rhamnus parvifolia (39)	Rhamnus rosthornii (40)	Rhamnus sphaerosperma (41)	Rhamnus subapetala (42)	Rhamnus utilis (43)	Sageretia pauciflora (44)	Sageretia thea (45)	Scutia eberhardtia (46)	Scutia myrtina (47)	Ventilago calyculata (48)	Ventilago calyculata var. trichoclada (49)	Ventilago cristata (50)	Ventilago denticulate (51)	Ventilago inaequilateralis (52)	Ventilago leiocarpa (53)	Ventilago leiocarpa var. pubescens (54)	Ventilago maderaspatana (55)	Ventilago oblongifolia (56)	Ventilago pauciflora (57)	Ziziphus apetala (58)	Ziziphus attopensis (59)	Ziziphus cambodiana (60)	Ziziphus funiculosa (61)	Ziziphus guatemalensis (62)	Ziziphus horsfieldii (63)	Ziziphus incurva (64)	Ziziphus mauritiana (65)	Ziziphus oenopolia (66)	Ziziphus poilaneo (67)	Ziziphus rotundifolia (68)	Ziziphus rugosa (69)	Ziziphus rugosa var. harmandii (70)	Ziziphus thyrsiflora (71)
Organic compounds	Alkaloids and derivatives;Organoheterocyclic compounds	Harmala alkaloids;Piperidines	Benzylpiperidines;none	4-benzylpiperidines;Harmala alkaloids	2306.8834403	5352.640547	5622.456642	10657.566220499999	5399.168224	1159.938	23065.547952	11043.4329987	12217.321804	17826.68101	7390.503781000001	25251.481274	16454.809711	2447.771534	12237.222104	3540.634771	7982.102338	2789.6486110000005	5483.8428797	8086.90771	24931.48556	3019.7103446	2024.1301187000001	24339.448451	4771.935313	111.648	2083.825129	3854.1505469	24988.008909999997	243.0086316	27494.70331	6624.346278	2565.1770813000003	1510.1851681	5494.149467	2073.5929778	6133.408032	7376.196897	12437.846432	23329.179202000003	31019.295057	1627.8106484	972.5130293000001	2525.1763300000002	173.13903661999998	10821.38831	9873.910211	12267.006587	10113.912203200001	3232.0106723	6353.9160641	4882.715209	2036.9928496999999	682.4476062	1891.3868334	703.4667656000001	15039.905205000001	2412.670446	15483.241712	12749.0150157	5086.273562400001	1646.0986661000002	5795.355495	563.8541026999999	18702.658113	12454.686019	682.2951127	6238.527296	3274.479087	317.4905918	41133.916035
Organic compounds	Alkaloids and derivatives;Phenylpropanoids and polyketides	Macrolides and analogues;Protoberberine alkaloids and derivatives	none	Protoberberine alkaloids and derivatives;Zearalenones	0.0	23.570999999999998	21.3696	46.9452	0.0	0.0	0.0	0.0	0.0	33.6708	18.9762	32.5806	0.0	36.762299999999996	43.6176	121.875	0.0	250.10399999999998	13.5774	236.9028	35.4156	245.5596	34.2945	48.618	48.532799999999995	51.5268	34.9968	19.359	23.391	33.5901	0.0	0.0	0.0	28.4148	0.0	34.8234	18.438	83.95739999999999	10.6596	0.0	138.3648	16.9785	34.0686	0.0	64.488	29.2005	11.4432	0.0	43.6536	0.0	21.0756	48.453	42.3852	30.347700000000003	16.2528	35.0376	152.5896	13.2366	0.0	67.3506	0.0	1904.1455697	48.3525	0.0	38.4792	33.8235	52.2765	0.0	0.0	55.407000000000004	448167.98960499995
Organic compounds	Benzenoids	Anthracenes	Anthracenecarboxylic acids and derivatives;Anthraquinones	Anthracenecarboxylic acids;Hydroxyanthraquinones	0.0	0.0	0.0	64.42211074	93.2973	21.357	29.8035	29.7198	0.0	9.152999999999999	0.0	4.14	0.0	0.0	0.0	12.54	0.0	5.3898	0.0	0.0	0.0	13.6323	0.0	0.0	6.4356	0.0	0.0	0.0	38.8515	48.3783	165.0029817	193.5495	4012.780076	264.5840485	12.4425	9.2898	19.817999999999998	40.443000000000005	282.8512507	0.0	375.8499	4936.020154	110.0575744	44.58619204	0.0	0.0	0.0	57.6831	0.0	29.5452	17.7975	18.756	38639.346229999996	310.387208	22.8825	46.836000000000006	12.627	33.6456	0.0	0.0	0.0	0.0	23.5116	0.0	49.8474	6.8685	8.28	0.0	57.0843	0.0	38.2806
Organic compounds	Benzenoids	Anthracenes	Anthraquinones	Anthraquinones	690788.301	608632.4846099999	529069.15807	540144.8814	430666.0542	442673.56419999996	1185751.4832	522858.4878	661796.8302	529195.14506	793685.7840000001	620411.5824	997871.3394	616685.2266	1657537.4574	470847.5358	599576.6328	691772.3922	1265371.9962	3356429.5539999995	1682320.9878	856274.9484	509753.9406	837015.6059999999	618313.356	927137.1222	508178.2356	732934.8768	181424.59411	338326.11362699996	393096.6657	927439.89861	240999.29353	700074.96217	700899.1265	711564.673005	1243107.0303729998	2673782.588	2429689.31	2265107.102	2620866.996	994123.84127	895924.86551	1145146.9307	1630847.784	1510075.1274	733499.637	483368.20529	754035.885	14689.683239	846254.445	262558.80549	641639.27651	612938.369	404217.2501	474509.7164	309861.45609000005	1014318.9234	1458602.4204	1122671.4144	822303.1686	1351681.4286	1532469.8577	1009909.566	1515682.2576	1020139.4814	807414.1578	974084.3448	755606.6832	754298.0256	3625647.308
Organic compounds	Benzenoids	Anthracenes	Anthraquinones	Hydroxyanthraquinones	46.584	226.4487	463.3674885	523.70658214	354.13483010000004	206.5776	1941.323114	1281.5461938	2089.9998452	1482.8811502000005	70.7172	247.2102	300.2763	122.6163	1068.1046568	89.9826	762.4158603999999	639.1620752199999	186.59028203999998	1075.9680544999999	240.0489	32.88	8344.654699	1014.3648000000001	221.1033	933.4458201000001	881.2210072	262.08449999999993	28036.529856499998	4667.105702	22119.001481499996	18295.798542000004	72177.4148405	20294.079113100004	2352.904614	26098.336470499995	369.01575055	13539.4463308	8703.474725	121.1181	33578.712312999996	80993.2511543	1110.9213651	17611.796043000002	300.6091991	260.21696184	40.58969999999999	14022.265217900002	294.0417	4097.49433052	14463.7194571	6022.565807	231481.1198507	2666.914215	795.7278286000001	1642.041779	9053.348457989998	96.22500000000001	69.84689999999999	148.2423672	642.502686	469.7064	168.8793	25.789499999999997	214.45589999999999	326.42300009999997	91.0197	477.7953	62.974563180000004	25.934400000000004	107.7603
Organic compounds	Benzenoids	Benzene and substituted derivatives	Benzenesulfonic acids and derivatives	Benzenesulfonate esters	16.5984	5.8212	9.7014	49.61913	7.455	22.7829	52.19256	35.7	7.3815	106.59	48.5685	18.6888	19.7379	12.5895	49.3005	6.255	4.164	14.62522412	10.6974	66.4047	60.0822	37.80810674	9.423	31.68	1876.7781530000002	9.06	21.9753	17.8794	83.21982854	87.44474633	16.7607	112.8344518	82.806	84.9095295	88.1961	83.56419	20.71936165	45.927	45.3456	68.994	12.1176	19.3284	53.33034348	72500.941706	691.5667857999999	15.9264	33.42024	26.2548	0.0	99.0	94.4925	73.88094	94.71982681	0.0	23.52	0.0	63.0084	35.532	8.9082	0.0	62.6304	13.6686	4.3785	0.0	92.5038	5.6862	32.1354	20.0889	7.21035	19.1661	34.01512952
Organic compounds	Benzenoids	Benzene and substituted derivatives	Benzoic acids and derivatives	Galloyl esters	25.2195	338.99039999999997	1703.3735140000001	200.7540271	347.41769999999997	321.2716738	220.7330827	277.45479	139.872	2404.7701570000004	22.86276	134.17488	211.580438	35.634	46.71162	0.0	183.99543000000003	383.0368583	211.2588	11.59242	697.2778852000001	56.819759999999995	48.95571	126.6318	52248.482213	7112.136775200001	214.0557	71.97758999999999	97.1658682	427.9221	39954.82411	706.02213	50.367729569999995	932.1510586	237.76878	3596.5285840000006	144.77572030000002	116.14585452	23613.435759999997	8490.48288426	264.368538	213.93067159999998	151.1420244	184.5744	140.9334	300.00149999999996	210.45120008	185.6327484	89.55846	55.37772	18.084	38.8062	453.32540080000007	312.1130771	45.81696725	40.3086	1048.257729	90.63018000000001	367.53718060000006	441.3872432	23829.550643000002	703.8797128	316.99620430000004	0.0	98.74494	127.46965452	113.39469799999999	108.91629	108.6513251	235.44588000000002	1268.1368
Organic compounds	Benzenoids	Benzene and substituted derivatives;Phenols	Benzenediols;Diphenylethers;none	Diphenylethers;Stilbenes	2826.1341438	573.3018047	3709.8434888	75489.909197	5329.9096569	31335.910820999998	19.0896	7930.5766223	144695.29659	17529.561019999997	30.4275	77.4297	12.753	35.2716	12.4668	693.5080867	157.8952764	134.56481774	494.01739030000005	30.3453	5621.5134897	87412.66721	397.82616591	318.99086719999997	269.87749881999997	31.851	157.0366301	9.107999999999999	6.8607	241.719	4159.4191293	79.8237	56.36890842	181.9371	18.4014	17499.592500000002	6295.454237	579.7067943000001	807.5019708000001	80.52269293	300.822535	28.3998	15.7788	43.1955	8.9334	152.783837	1546.447085	10769.0509247	3997.030516	837.6784031	2034.9676912	25925.812334000002	37.8069	14789.136670000002	2769.6434019	69168.047158	9957.424747000001	26627.71837	45.6687	24095.40722	169.083	34.9806	62.9445	143756.85109	43.50748125	13903.165389	5905.847642999999	13.5201	5193.121897	58041.40916	120.78900000000002
Organic compounds	Lignans, neolignans and related compounds	Lignan glycosides	none	Lignan glycosides	1901.5829604	678.610582	1878.957419	1618.2976804	241.23806447	1081.9534479	84.8304	27022.69913	29964.881531900002	2950.7526829999997	769.2009475	374.6526873	1011.301471	2553.76419752	101.6916	14081.483143	16133.763669	30063.4017063	2406.17513	171.6456	3053.8543091	305.3801609	165.04914547	12831.086301	1183.979248	133.7952	442.5301945	4538.4697247	43.8348	317.6232	1072.903163	983.3170406	92.17780373	203.94764498	75.43440000000001	288.4074	525.1797	324.1072132	173.6334	79.2585	150.00696343	275.32259999999997	106.51334985	824.7842394000002	142.28699999999998	63.91714292	193.99753994000002	19352.287250999998	745.5780325000001	2136.1804982999997	5040.9367188999995	24872.307054999997	53.5317	12140.9876596	73.3956	2656.8093390000004	634.248155	209345.36876	34121.81116599999	21600.064202999998	1061.2400672	35.541	189.25277491999998	115283.73122999999	960.9576941	37585.313976	9127.924567	6253.031112999999	78680.64072299999	31047.46425	51.012
Organic compounds	Lignans, neolignans and related compounds;Lipids and lipid-like molecules	Lignan glycosides	none	Lignan glycosides	4693.359118	4806.677183299999	5938.489816	3265.6495121999997	961.24958028	3264.4647990000003	69.9216	410.49822113000005	19135.292400000002	16105.216467000002	140.97333344	139.8114	5154.4572999	18644.153780000004	83.8521	179.4366	239.8885584	358.04130000000004	123.80813055	118.3107	1233.4593	4490.34284	473.08349999999996	76.36225697	606.7115719	1058.1261461000001	1247.1498103000001	121.70811584	300.7776	727.6091455000001	163.9632	477.9283481	89.25497318	507.4744528	354.09389999999996	146.85323071	57.480000000000004	160.65443374	344.7310208	176.0227733	569.85363338	297.98591144	975.8745312	572.8702256	137.5848	97.8264	232.66632921000001	576.6454132700001	790.9152721	719.4567367000001	178.10658534	285.18219648	184.82314008999998	529.59177225	150.59131159	383.7647968	578.8279007	5026.0727759	307.81013406	692.7103288	365.1276163	57.1278	316.449076	268.91788310999993	8859.208277000002	2949.7013911999998	256.05246723000005	704.6553613	6526.091761	108.08119835	146.56052051
Organic compounds	Lipids and lipid-like molecules	Carboxylic acids and derivatives;Glycerophospholipids	Glycerophosphoinositol phosphates	Phosphatidylinositol-3,4,5-trisphosphates	427.4778	181.51350000000002	181.7052	17.531100000000002	19.906200000000002	182.31599999999997	87.99029999999999	26.590799999999998	55.9233	257.4951	4187699.997129	463.3412314	64560.466305099995	9255.4295005	204094.38107108994	310.80386740000006	69.9747	382.65317630999994	309.98789999999997	62580.6202246	197.6577	92.75280000000001	40.9893	79.8543	188.049	109.6833	37.033500000000004	65.58000000000001	49.072500000000005	48.8394	30.2247	360.40739999999994	76.4571	158.53410000000002	83.3559	309.76349999999996	42.25020000000001	72.19319999999999	120.5748	70.2078	327.7833	83.2227	57.345299999999995	21.8556	162.70680000000002	115.02000000000001	87.53999999999999	25.0212	21.42	32.5173	0.0	9.6387	127.1133	40.8279	23.7519	15.6	155.05859999999998	198.1332	104.0814	178.7454	51.9057	4560.8826953	260.88262646	46.5342	307.8579	116.6307	30.610500000000002	558.5022501000001	390.9906	166.4146733	589.1892
Organic compounds	Lipids and lipid-like molecules	Fatty Acyls	Fatty acids and conjugates	Long-chain fatty acids	150016.315481	163931.8722012	136303.0936471	51582.51147342	157313.3460351	122368.91767919999	44125.8945103	85249.6830056	477772.565748	339562.8676556	69772.1063371	5632.2131154	256102.11857489997	216003.0261504	92247.7676964	75800.738227	102032.8774854	193401.47767389996	439796.6702472	1122849.2693586901	169561.13616320002	53748.758745499996	103896.03187505002	92367.5881662	44184.7334136	120597.0653816	115329.060271	169391.75023219996	205524.1799358	183515.487376	129196.0925155	174601.53522969998	69134.067378	191456.9273953	15697.6344078	55378.688789780004	26036.87170371	194464.4797179	124215.67551660001	84086.4618678	149803.2292281	18379.98107505	133890.5282293	64742.0103639	7719.17371623	81452.28541430001	49341.333679999996	109063.97169520002	40372.23310984	69920.91706881	173732.464647	45531.10649361	164075.23308	158551.4013117	86268.7206781	70095.0456664	126655.06865960002	153270.62231439998	261462.43606039995	226478.8785436	345322.1379731	122923.6295558	56610.550714900004	163254.881098	706659.7440099999	123017.8214934	108629.9003188	163181.75034210001	239407.33817928	53587.886806999995	147915.9326426
Organic compounds	Lipids and lipid-like molecules	Fatty Acyls	Lineolic acids and derivatives	Lineolic acids and derivatives	68763.87049	49836.017448	201341.26037	10033.270951999999	31419.90105	202511.38975	57687.95518999999	78434.4614	796469.4664	140169.29681	405039.9821	20904.153523	364282.35688	131392.69072	171525.57892	36168.56711	87574.44315	254028.3524	296233.6773	632535.3859999999	121250.40758	17404.765013999997	28692.914195999998	253427.115	50912.38103	31231.029519999996	224913.4074	96518.65290100001	98004.41127	151495.21635	80088.49629	441753.44130000006	43881.158559999996	357185.4765	2224.53672	56358.3315	24340.1964	124769.93426000001	56547.92963	76134.18163	6270.410643	46799.262579999995	24010.98256	97276.78067	4953.029258	15148.166669999999	49617.615119999995	40866.10804	59672.04069000001	47205.826369999995	356270.0527	15909.133670000001	235876.77078000002	106901.8551	62513.79474	57767.365300000005	131175.40503	31454.262260000003	1242.384	28489.642664999996	32801.326230000006	85188.02822	34248.96596	51790.465909	227399.38581	114472.99612	70396.22697	172354.91554999998	93198.33548000001	54342.89607	165110.26385
Organic compounds	Lipids and lipid-like molecules	Glycerophospholipids	Glycerophosphoinositol phosphates	Phosphatidylinositol-4,5-bisphosphates	195.0309	193.398	38.295	33.762	71.493	34.814099999999996	232.88879999999997	51.177899999999994	78.69149999999999	187.6443	266.87943172999996	24.012	2029.975538	185.0286788	371.6622	1304.9591899000002	40.7832	410.4507	133.4667	29667.337249999997	168.0969	11.1078	19.14	72.7578	67.09349999999999	164.5248	327.84749999999997	363.98879999999997	153.4938	80.0106	232.6314	175.5786	45.1116	69.82284691999999	37.0275	35.183099999999996	88.797	60.081	61.3719	51.009	140.9709	54.7569	119.35470000000001	44.4771	143.61232866	119.07	52.371	131.3499	71.6751	32.677499999999995	42.605999999999995	12.189	20.4738	73.32000000000001	26.061600000000002	32.517900000000004	81.705	71.3085	951.1581800000001	114.3342	36.6081	186024.24117999998	226.82231147	40.5186	93.11789999999999	65.9853	45.03360000000001	120.55680000000001	290.81100000000004	31.974000000000004	9171.828844299998
Organic compounds	Lipids and lipid-like molecules	Indoles and derivatives;Prenol lipids	none;Triterpenoids	Beta carbolines;Carbazoles;Cholesteryl esters;Ecdysteroids;Ibogan-type alkaloids;Limonoids;Macroline alkaloids;Sesquaterpenoids;Triterpenoids;Tryptamines and derivatives	275.1172709	204.01200000000003	112.59900000000002	99.46634381000001	41.82	192.99714111	168.97199999999998	125.04	130.96548157	92.538	172.188	75.066	252.05100000000002	146.99099999999999	407.595	67.24199999999999	74.58	5662.704763000001	62960.504748	356522.61931	1784.6492050000002	1082.5194491000002	221.16570410000003	299.5226345	111.44174876999999	201.563198	142.06630115000002	80.04583391999999	112.101	71.52	43.905	91.479	318.594	227.145	300.17999999999995	370.06199999999995	49.239000000000004	72.88199999999999	232.455	91.89	157.53743262	70.59	56.45399999999999	48.33	153.507	367.02599999999995	56.42400000000001	42.574302110000005	80.622	59.058	81.156	43.775999999999996	114.01500000000001	132.20670767	68.589	53.129999999999995	90.294	222.78923880000002	147.579	197.172	79.866	213.75300000000001	522.15	33.573	105.2810365	177.36899999999997	57238.603868	136.932	22.44	93.465	181.18200000000002
Organic compounds	Lipids and lipid-like molecules	Macrolides and analogues	none	Macrolides and analogues	66107.53254999999	14.196	6.93	33.6315	25.95	10.08	30.996	4.761	0.0	7.037999999999999	353.541709	23.561999999999998	6401.71548	397.96304299999997	36057.72498734	128.19299999999998	1937.6136289999997	4896.428965	155444.6983391	50013.17104	70168.7579	4564.377802999999	18.312	186.993	15.717	1868.8716559999998	19.65	16.730999999999998	44.56145151	9.0	26.97963922	101.697	41.85	8.073	17.0067	38.040000000000006	22.44	16.83	21.87	105.31094048	359.853	10.647	60.717	10.14	0.0	1638.1652019	17.85	12.5229	17.01	6.48	15.81	16.38	19.14	24.24	36.663	0.0	27.54	4682.838	2330.9182716	33025.87976	52.785	21021.465433	1695.0219730000001	729.1060209999999	8591.2796628	6087.8523159	4724.491564	812.7368804	1401.6453879	3756.2014670000003	8423.143758
Organic compounds	Lipids and lipid-like molecules	Organooxygen compounds	Carbohydrates and carbohydrate conjugates	Iridoid O-glycosides	18553.6241915	109228.674363	61587.3279073	72880.8489512	72673.376819	19193.067809500004	394274.2409500001	95232.36627657	89365.80213	103461.20762200002	152125.745425	6893.852665600001	92459.07699999999	62006.53969889999	21034.8750123	15861.414226600002	26757.750366899996	29433.699250700003	52044.256369300005	102391.9420517	183904.240236	3558.1073064	32275.921976999998	53323.5381237	15930.285041300001	24990.989143	24063.119486800002	181417.84359603998	82180.95138990002	44264.2934956	80166.1401875	113220.697121	46644.443503999995	77326.2958558	53863.7152627	60807.138500299996	98021.91292358	99911.063706	96353.894568	102535.83342554	488694.23847800004	33220.687787	56899.379333000004	118831.25924970002	501.83899227999996	2125.3266407	83840.7676944	30677.08592496	27480.4755303	19322.935795909998	41104.179003	34307.64361494	41542.399564609994	82997.4157218	20755.8575608	18276.28350701	106053.4928651	9274.393049350001	27929.062229260002	13271.013147100002	29852.029140349998	20629.40864956	80904.835897	980.0952339	22936.7036932	89368.3917425	26852.9126895	20310.6548149	8432.90884383	36859.4873389	86645.23949679999
Organic compounds	Lipids and lipid-like molecules	Organooxygen compounds	none	Indolonaphthyridine alkaloids;Saccharolipids	88.6296	314.457	529.3884	266.6898	95.5764	350.75819999999993	160.0392	93.7236	111.60810000000001	329.85150000000004	110.99459999999999	156.54719999999998	151.9518	350.2632	147.4812	94.51650000000001	75.006	95.69279999999999	409.8888	1599.7802837	100.32059999999998	437.6018203	502.32300000000004	98.59620000000001	131.11950000000002	101.54640000000002	195.57779999999997	323.8902	552.3312	135.0198	63.613200000000006	91.69140000000002	177.315	122.13029999999999	113.6274	10.6155	62.126999999999995	301.73639999999995	385.2392501	64.53	101.33160000000001	77.4315	107.1003	186.1389	145.374	327.7134	1279.6885499999999	42.4182	239.70239999999998	36.269999999999996	33.912	342.17459999999994	92.7495	57.1167	74.8311	41.1255	90.5748	138.95767529	214.0932	37.6164	94.0566	317162.925897	972.28438331	158.72729999999999	178.77349013999998	317.4051	104.8788	191.3508	26.4888	25.2822	624103.5515719999
Organic compounds	Lipids and lipid-like molecules	Prenol lipids	Amino acids, peptides, and analogues	Cyclic peptides	432.5498999999999	8383.034838	28753.2546286	44990.36202380001	892.1209925	307.6515	106002.75579000001	10493.174735199998	243.27509999999995	676.1945246299999	499.81649999999996	457.04519999999997	740.7461999999999	476.8591295999999	770.11944322	748.6682999999999	614.8749	1016.4564	1136.58179196	1341.73384087	1052.0479074300001	333.8865	385.38660000000004	733.8411398100001	1049.4945	1018.4145	574.8579	343.371	397.8155977699999	339.17418218999995	245.31000000000003	1162.9046999999998	703.3995	351.74580000000003	449.88570000000004	108.8049	139.6791	320.9529	556.57611357	325.24830000000003	393.6863867100001	195.2328	221.79510000000002	322.89930000000004	700.0186604600002	2479.2612217099995	188762.5979513	398.52810000000005	146.59500000000003	444.5394	327.2775	149.2683	229.33410000000003	171.0828	257.3973	133.8693	271.479	189342.55211	1132625.2546260399	171480.08802999998	820.0990832100001	2147.9168328	381.3693802700001	329878.1817593	248432.08853499996	1139.6514248	582.3546	15730.195644689999	857.6945493599999	2405.0349810899997	1619.4029867499996
Organic compounds	Lipids and lipid-like molecules	Prenol lipids	Amino acids, peptides, and analogues;Steroidal glycosides	Steroidal saponins	228.38655290000003	12.5343	49.776	12.1695	6.84	12.7125	0.0	119.7912	31.2054	4.7058	473.51213500000006	19.7964	87.95997421999999	8.64	351.246443	30.478199999999998	4.3911	50.9517	27.6183	112.88964935	29.4756	32.1405	10.665	0.0	26.7498	34.6293	9.1638	45.5706	0.0	29.6352	8.2662	0.0	263.0606207	14.322000000000001	0.0	49.4829	21.9429	21.8262	25.0992	17.351399999999998	0.0	252.7029	0.0	4.242	27.4122	64.2606	0.0	0.0	0.0	11.2728	14.6502	134.7888	0.0	0.0	0.0	0.0	35.1669	22.1796	47.2023	249.35885735	32.7975	269.1381443	46.6335	99.87989999999999	223.91194942	106.035	141.7396708	1479.4467200000001	49151.976097	113100.44155	82.26240000000001
Organic compounds	Lipids and lipid-like molecules	Prenol lipids	Glycosylglycerols	N-phenylureas	2614.2160715999994	20571.701891	13005.8014746	13695.3264231	7541.318401400001	4357.0866165	30337.9160642	42781.380319899996	14760.091656	4643.0307335	19688.621893	4597.38916151	8775.130822800002	7517.4493977	13749.0773101	3787.8916652999997	3570.6329021	5776.5089674	14622.957460100002	17024.339369399997	16446.1538392	14280.445864999998	3075.1291239999996	5850.1432448	7721.8865328	24860.622517999996	12681.2519026	17748.367775	5389.8129809	7741.641545	1080.5626814	4316.1517889	2695.0741723	5821.661990999999	680.5127794	2714.0499698	4720.724035699999	3320.2555161	3791.1119080000003	101970.526571	493.67220710000004	9814.797508	4961.405352999999	11895.115607	26255.283251607	12922.246364300003	6932.844669749999	3058.7448411	3063.5169041999998	686.3798099999999	1111.8788181	2429.6037543	17457.657918	4870.9295496	3466.94640618	554.7840000000001	10151.177756000001	3928.8408830999997	4696.3027511	7386.014601100001	12598.078657	5784.0526307	7735.536107	2790.586449	8940.7787316	4001.3945603999996	2866.3257680700003	5571.7379144	1782.78453344	2760.2782190999997	48642.118819699994
Organic compounds	Lipids and lipid-like molecules	Prenol lipids	Linear diarylheptanoids;none;Sesquiterpenoids;Sesterterpenoids;Triterpenoids	Curcuminoids;Limonoids;Sesterterpenoids	129.15	0.0	0.0	0.0	19.38	33.336	22.176	0.0	0.0	26.019000000000002	16.83	11.661	32.364000000000004	0.0	87.927	0.0	15.3	11.88	81.40804037	20.088	26.88	63.72	0.0	19.38	23.373	29.295	0.0	0.0	11.73	27.642	11.592	16.83	0.0	22.596	16.425	27.191999999999997	15.21	71.676	29.58	0.0	24.72	0.0	69.15	0.0	0.0	19887.794413	0.0	12.24	23.373	44.604	17.387999999999998	0.0	0.0	0.0	16.442999999999998	10.14	0.0	32.52	12.75	10.773	0.0	80.925	26.964000000000002	18.87	39.744	0.0	11.22	27.846	47.763000000000005	0.0	23.499000000000002
Organic compounds	Lipids and lipid-like molecules	Prenol lipids	Sesquiterpenoids;Terpene glycosides	Agarofurans;Terpene glycosides	19.305600000000002	89.5089	200.21577374	248.5599	57.4092	99.906	132.468	92.23920000000001	209.06937686	234.62572012	121.80968998	159801.304525	125.09640652	93.11502078999999	50.5458	273.3906	46.2474	54.609	79.0185	44.63761835	205.9416	79.8921	93.92863559	47.4921	203.6037	136.0542	40.995599999999996	41.2167	59.3133	142.0146	156.1848	185.7201	56.217600000000004	128.65909402	16.545	162.2724	22.4256	166.695	159.1899	12.204	109.4463	68.5389	33.39	187.82588750000002	278.55629999999996	95.88879932	82.18199999999999	197.2515	55.5471	54.57028257	71.796	99.86128179	133.7016	118.44923961	76.46107024	50.7654	85.5577667	88.07249999999999	56.63579999999999	98.62259999999999	95.21220000000001	46.1178	41.1726	221.01960000000003	138.29808767	352.43919092	148.72908314	80.4366	86.02343454999999	49.9734	124.6155
Organic compounds	Lipids and lipid-like molecules	Prenol lipids	Terpene glycosides	Cucurbitacin glycosides	391.7708164	114.471	220.34825848	146.7984	246.43199999999996	1333.316723	97.7688	281.8383058	261.5766	24088.521417000004	168.105	20392.782990000003	283.19340015	102.31800000000001	1855.0913620000001	398.29789589999996	249.0066	509.62131648	125.49810163000001	37593.35088	213.58406840000004	62.707499999999996	210.879	83.50229999999999	684.08779724	3272.773427	379.15200000000004	31.941	51.2172	91.14424508	85.899	103.12635786999999	36.288	6038.592039900001	40.884	74.58	82.752	78.45413744999999	380.37	95.9505	61.8006	0.0	70.5522	163.50470046	333.67145837	79976.13212000001	110.811	170.85	91.14	52.3575	63.088499999999996	12.168	68.12219999999999	27625.110182100005	32.103	103.57305047999999	67.4625	959.2458519999999	544.79538921	214.60316656	1458.8123400000002	207.7743926	82.80518298	215.6107196	1462.5620101	331.5762913	131.59290000000001	671.0387900000001	681.3297325	58.545	402.3119275
Organic compounds	Lipids and lipid-like molecules	Prenol lipids	Terpene glycosides	Diterpene glycosides	78244.523185	40.26	304.6581363	73.62	69.62801257000001	34.05	89.06400000000001	17.85	42.384	24.336	1162.56	39.27	1370.1889904	301.92128610000003	19164.087482	1729.4726907	841.1739932	2961.841428	75032.81392	70821.73592	1936.2163736	18571.407309000002	78.66901428	194.394	72.642	2082.420865	18.009	10.71	368.93976560000004	25.11	123.738	94.533	84.786	842.9226107999999	40.32	46.662000000000006	28.479	2016.331575	6145.629674000001	4455.457916	3240.973356	64.125	9261.510489	5593.498421	36.801	7430.72612	1835.7	113.44200000000001	50.298	7649.550926	9084.443822	3104.938071	11220.16525	16.83	2927.2196480000002	9679.956329999999	6733.010377	55878.99649	9529.508906	15491.091441	5113.896	66106.60085999999	3739.5415631	90660.47043	26003.09867	10313.848822900001	54372.570641700004	22355.54608	34599.033838	26902.035092	13450.264814
Organic compounds	Lipids and lipid-like molecules	Prenol lipids	Terpene glycosides	Triterpene saponins	418750.52743112005	63078.660894119996	119371.20194743999	149851.1513	57857.143330000006	200688.876	150976.10479999997	195502.57330000002	225130.58831908	119625.59144119998	1076607.31649653	230137.291698	635128.3493713394	384806.93782795005	2143802.7405913398	1107495.4357579194	256422.86006180997	893515.7025702095	10878.16417074	1430666.2843404303	230194.05972577003	101078.74115456999	21506.32153	10935.4668768	22481.907135999998	168845.72520936	54432.689663280005	45278.28536223001	86566.98376999999	32249.999611200004	226949.37494739998	111589.51469742999	33993.97446868001	33341.679730899996	140730.93910000002	32087.191379799995	12142.7401183	142580.96424449998	14827.091709100003	59411.48761	1631.8153800000002	49449.24600608001	61147.13633	91856.38429739002	25238.75278447	36705.570078849996	82078.40035350999	55042.356889999995	7214.43093496	440657.78400000004	58944.5131464	282914.1783	1938.98736	181512.45519999997	149656.782	412050.5797	119461.99091000001	465770.8426470301	13229.725167490002	122731.19005393998	39558.034279999985	3747020.86286439	31265.519668700003	160398.5048	754388.1994753499	594167.9948686378	1386120.7906543799	510255.9238061402	22087.54854609	112733.79297618002	736578.3906517702
Organic compounds	Lipids and lipid-like molecules	Prenol lipids	Triterpenoids	Limonoids	84.7062	312.3636771	406.6196628	802.2996611000001	58.620000000000005	44.8404	36857.381144900006	1357.53803835	71.1786	24.659399999999998	93.01289999999999	27.844199999999997	95.8899	67.7679	183.1101	63.217200000000005	69.582	191.0673	64.1817	283.82528881	139.0944	67.6125	21.612	55.1097	233.0136	107.0178	202.81920000000002	141.0687	104.60268045000001	100.01994896	55.6584	21.2268	0.0	102.50099999999999	17.7099	64.1844	51.794399999999996	60.245400000000004	107.3904	13.2288	63.8925	195.64739999999998	0.0	11.22	203.14025544	147.25462166	1020.5635133999999	59.80800000000001	161.9391	33.1116	25.232999999999997	48.5196	60.8388	18.793799999999997	24.723	157.29240000000001	205.641	132.32580000000002	74382.2418058	137.00966947	118.1136	67.61723594	75.822	164.74780336999999	316.92176269000004	666.05552501	47.727000000000004	144.09750000000003	1670.504637	197.7804	112.40049924000002
Organic compounds	Lipids and lipid-like molecules	Prenol lipids	Triterpenoids	Triterpenoids	2662625.987411709	26739.679721050015	60978.99760665999	13328.179855429995	15891.584907070004	35615.56517729001	29186.974046169984	21999.848217610004	28733.893592979995	18202.470758870004	398861.47710979014	6890.393619857	169983.13661851003	70174.26035119999	6692915.277738985	1739202.83534421	168657.13315415007	2955969.78957807	1099168.6466991599	5245278.99743467	215860.55389513006	1346050.4260034855	21360.071919234004	80811.18393544	6883.238922669999	284501.2841166003	23529.199518449994	15838.142151589997	63754.610608639996	34823.90854847901	24196.86282359	74176.28755016797	400217.55264288	80973.76148092402	11978.7561283	20267.73681824799	12177.53252246	58498.510481770005	45065.19617437001	239635.54405661998	150987.99586411	121850.59873081997	26092.426502959992	20448.1350996	10411.946082219993	2762966.0266766	17425.089732	40458.87657099	15226.57086878	17013.0203702	38614.74894866999	23496.523813980013	18075.14786551001	53416.05521512001	42968.13642127001	23391.031600639995	17488.737877730004	3806019.4038713267	559859.6901108399	1034462.7211161801	53016.60463391	1450381.2099875805	627810.34340956	1609011.10923352	2546413.221785451	1510861.1617728095	394666.89522613003	2031492.8032164904	1768808.4972971696	895304.8312906894	3991254.646545401
Organic compounds	Lipids and lipid-like molecules	Prenol lipids	none	Lignan glycosides	303.0531	1375.855276	789.1051257	24837.167503299996	155.11567017	391.78395385	279.66089999999997	115.2537	276.81172383	1251.2378242999998	147.16284875	166.5565825	1347.7194980000002	1266.0143980700002	79.4517	2187.349494	10575.41622	7138.725587479999	330.1185	140.71858765000002	926.9251325	370.4415954	206.7	982.1733712399999	683.5305883000001	569.7933491	159.20764184	3550.897871	93.1146	238.6935	2199.326462	102.7998	115.98361058	343.13134619999994	65.6088	316.2794708	105.9387	255.97232739000003	259.10758122	66.90934805	144.32630048	169.2525	205.04751158	220.8621	193.61338623	99.07915444	459.45800410000004	659.5928600300001	158.34519412	262.08806558000003	134.94428349999998	295.90691219999997	251.36969999999997	527.8988135	225.441	287.15660658	80.4888	31929.461136799997	4456.370696	425.58900000000006	122.50410000000001	83.7654	169.9059	114752.68445100001	254.92710000000002	5942.466962	3590.1157070000004	169.51319999999998	7367.795515000001	3798.6309545400004	334.4601
Organic compounds	Lipids and lipid-like molecules	Prenol lipids;Steroids and steroid derivatives	Steroidal glycosides;Terpene glycosides	Steroidal saponins;Triterpene saponins	1417.3633071	100.0971	230.11079999999998	47.146800000000006	51.1443	347.19059999999996	223.0362	112.75229999999999	492.6	123.7125	71498.86654335	244.24861521000003	2289.2629044200003	277.8171	120838.2459322	396.85710000000006	268.9794	340.06293459999995	405.62010000000004	102430.93551669999	482.1543	108.6966	75.1005	456.22619999999995	75.114	153.8151	242.2191	112.81439999999999	95.23049999999999	323.4138	213.3111	103.7556	68.862	236.44950000000003	68.7015	174.6462	48.345	0.0	155.3328	77.82390000000001	20.655	81.7038	63.653099999999995	112.49640000000001	152.96776260000001	333.7220358	175.19039999999998	87.8796	49.143299999999996	64.1721	63.9987	20.3424	163.9548	166.8771	28.0503	56.4687	100.2645	71.00519999999999	230.13299999999998	227.88	68.5578	367096.719177	617.1042659	217.938	536.77854712	252.63526653999998	259.65990000000005	980.6016586000001	213.7386	195.56645815	6710.721754
Organic compounds	Lipids and lipid-like molecules	Prenol lipids;Steroids and steroid derivatives	Steroidal glycosides;Triterpenoids	Triterpenoids	0.0	0.0	0.0	0.0	0.0	0.0	0.0	0.0	0.0	0.0	0.0	0.0	0.0	0.0	0.0	219687.20199	0.0	0.0	0.0	0.0	0.0	0.0	0.0	0.0	0.0	0.0	0.0	0.0	0.0	0.0	0.0	0.0	0.0	0.0	0.0	0.0	0.0	0.0	0.0	0.0	0.0	0.0	0.0	0.0	0.0	0.0	0.0	0.0	0.0	0.0	0.0	0.0	0.0	0.0	0.0	0.0	0.0	0.0	0.0	0.0	0.0	0.0	0.0	0.0	0.0	0.0	0.0	0.0	0.0	0.0	0.0
Organic compounds	Lipids and lipid-like molecules	Steroids and steroid derivatives	Biphenyls and derivatives;none	Biphenyls and derivatives	8.5896	0.0	29.322	3.8339999999999996	0.0	12.2544	8.91	7.7922	12.8625	10.2816	10.122	37292.129501	15.9057	16.8498	20.5644	155.3625	25.2273	27.37504065	13.86	11.067	26.7372	15.5058	16.1472	28.308000000000003	17.3088	40.3941	8.34	17.9454	19.767	76.4124	146.1136457	5.9556	0.0	108.99728030000001	0.0	17.8332	21.93	3.8016	164.91	0.0	11.73	23.0616	52.8162	27.4362	56.65690752	21.33066805	12.24	30.1476	0.0	17.9025	4.4163	0.0	8.0142	5.5458	0.0	10.248	20.4525	6.9795	0.0	0.0	19.1835	0.0	9.7014	0.0	20.4519	36.1944	21.255	0.0	152.244	0.0	31.6008
Organic compounds	Lipids and lipid-like molecules	Steroids and steroid derivatives	Steroidal alkaloids	Cerveratrum-type alkaloids;Spirosolanes and derivatives	0.0	0.0	0.0	0.0	0.0	0.0	0.0	0.0	0.0	0.0	0.0	0.0	0.0	0.0	0.0	0.0	0.0	0.0	0.0	0.0	0.0	0.0	0.0	88236.4451	0.0	0.0	0.0	0.0	0.0	0.0	0.0	0.0	0.0	0.0	0.0	0.0	0.0	0.0	0.0	0.0	0.0	0.0	0.0	0.0	0.0	0.0	0.0	0.0	0.0	0.0	0.0	0.0	0.0	0.0	0.0	0.0	0.0	0.0	0.0	0.0	0.0	0.0	0.0	0.0	0.0	0.0	0.0	0.0	0.0	0.0	0.0
Organic compounds	Lipids and lipid-like molecules	Steroids and steroid derivatives	Steroidal glycosides	Steroidal saponins	17567.95661573	470.49869999999993	330.23099963000004	637.1214	616.2269999999999	127.29390000000001	143.9691	225.09749999999997	134.3373	666.9479999999999	38278.38125660001	174.5682	1217.5258514900002	1194.5219058100001	16464.92223336	85082.14961443	585.5676	234076.60041100002	575.10290726	37855.43590585	679.1976	453.65160000000003	197.1828	95.2974	244.6923	350.5158	41.9076	477.4323	595.1784	291.0492	134.5863	517.0017	744.3172541	365.5611	389.90160000000003	402.07290000000006	49.3899	118.4223	189.12840000000003	108.9264	14.375999999999998	878.6703090000001	119.96069999999999	208.0419	391.1016	228.69600000000003	345.1173	164.9322	253.4271	61.0608	150.888	132.06330000000003	174.9735	135.75930000000002	57.2772	86.496	124.0917	468.26772239	167.02259999999995	1147.9521000000002	98.4516	181691.30856082	2392.8188573	70.1751	36048.990910600005	1278.88047099	9185.037538880002	243444.57505550006	838.2316017000002	440.3199	3356.0225450999997
Organic compounds	Lipids and lipid-like molecules	Steroids and steroid derivatives	Steroidal glycosides;Triterpenoids	Triterpenoids	101.1	162.0411	0.0	11.73	13.2645	0.0	10.674000000000001	29.825400000000002	29.493	20.387999999999998	15559.406430000001	25.9653	14705.49309	3762.8795649999997	204.99129069999998	737.215606	20.0868	84.396	100.98672975	583.90235783	39.5049	0.0	0.0	24.264	13.7214	24.2028	0.0	0.0	9.3054	28.778100000000002	26.7276	0.0	27.75	44.883300000000006	0.0	13.1742	0.0	19.4544	13.17	8.2317	0.0	34.3941	32.2749	60.6381	60.5952	39.648	9.152999999999999	7.146	10.212	16.4682	44.4645	0.0	0.0	26.988	0.0	26.410800000000002	13.2756	10.08	7.5726	32.052	38.1948	51543.18582	23.904899999999998	42.7896	104.7045	31.44	21.7209	121.7622	38.0625	256.947	786.1764000000001
Organic compounds	Lipids and lipid-like molecules	Steroids and steroid derivatives	Triterpenoids	Triterpenoids	473.23199999999997	294.84000000000003	59.595	46.742999999999995	61.02	48.39	177.9	63.33	56.882999999999996	49.554	129.387	15.3	159.94954578	92.43	33247.782483	186.69899999999998	213.75	425.29094699999996	730.7241229000001	5290.512255	6813.459504	3945.099064	160.332	85.668	51.275999999999996	1078.3292689999998	28.536	31.59	30.666	24.273000000000003	61.194	93.17699999999999	37.962	133.84799999999998	40.824	35.238	38.513999999999996	96.57900000000001	82.91058838	27.84	61.074	60.531000000000006	0.0	9.633	54.221999999999994	136.24126611	45.159000000000006	17.886	16.730999999999998	11.88	41.46	46.620000000000005	18.759	14.28	0.0	58.644	36.96	646.8862634	1053.685631	102.666	411.513219	654.2099062	89.51400000000001	497.6916563	415.64115780000003	6792.9334805	2164.829443	881.7224809999999	973.1749292000001	493.602	575.3154728
Organic compounds	Lipids and lipid-like molecules;Organoheterocyclic compounds	Indoles and derivatives	Pyrroloindoles	Pyrroloindoles	28.899	229.33800000000002	62.28176514	27.927	13.26	62.601000000000006	45.012	25.35	131.064	79.35	26.73	16.730999999999998	34.293	40.926	69.789	12.675	29.79	32.955	230.55138130000003	35058.763763	24.843000000000004	69.59700000000001	14.196	140.856	216.80700000000002	146.91899999999998	148.956	98.145	36.21	44.814	22.755000000000003	28.392	12.482999999999999	86.652	50.976	39.626999999999995	32.655	46.644000000000005	86.1	30.048000000000002	51.35804622	12.597000000000001	61.857	57.42	93.642	123.65379964	19.38	19.14	20.91	47.952	22.374000000000002	30.42	36.33	60.858	12.75	0.0	29.016	154.107	139.584	43.665	0.0	123.12813885	226.85399999999998	39.36	227.0602245	57.24462011999999	4717.2240456	57.732	53.712	53.424	385.353
Organic compounds	Organic acids and derivatives	Benzene and substituted derivatives;Carboxylic acids and derivatives;Peptidomimetics	Benzyl alcohols;Depsipeptides	Benzyl alcohols;Cyclic depsipeptides	11420.935290000001	9991.527557000001	13239.243772000002	32262.628099999998	11437.741354000002	16448.347470999997	8437.060003	15753.581006999999	28247.500581	40976.11528	7657.040499	12106.039107	13626.874401	18056.870754	20937.644153	16419.693408000003	19654.608922	26628.817069999997	7206.0772	4407.200639000001	4368.520313999999	16915.657475	17323.646525	11157.93411	19443.552571	32396.75224	16387.05678	11175.399151	14264.72164	17048.123403999998	15410.237857999999	10640.690752999999	15214.59281	7296.699721999999	25770.615380000003	8884.145793	9964.777839999999	16902.628585000002	16441.476365000002	4166.668414	13277.771781	16655.564575999997	11792.29681	10777.114402	11161.319617000001	20656.544645	12923.907789	21994.918908	17037.195504000003	13199.465789	14797.818123	15243.23792	19295.488087	14385.262504999999	21211.497154	13108.636266	13318.750461	28591.860041	3819.1923711	13020.379998	12736.981020000001	29047.39331	17293.729388	3315.2615610000003	121.73399999999998	13276.360155000002	21164.411908000002	26462.981889000002	17712.261623	19724.289525	12018.527023999999
Organic compounds	Organic acids and derivatives	Carboxylic acids and derivatives	Amino acids, peptides, and analogues	Cyclic peptides	419.87271440000006	74761.62108879999	213540.28553999998	433.2726	209.6619	283.75969528	410231.92102371994	34292.098261	446.4996	392.7948258299999	804.8651344300001	386.2617	919.72443863	429.02771813	2103.8318695	778.4816818500001	505.33292409999996	1321.77697765	739.5246475299999	1757.4441034699998	501.28203612	2596.8954071999997	372.6348	855.54435538	647.0998478399998	511.75440000000003	292.84710000000007	229.066343335	259.8624	557.5265999999998	236.5086	507.26060713	283.0881	818.9650816999999	397.92870000000005	222.97469999999998	116.358	509.69979229	268.9866	216.10530000000003	201.7254	213.03839999999997	329.0784	83.6193	892.4379432500002	4601.18854001	387.0906	164.664	147.2136	141.3213	121.33080000000001	210.6672	227.6874	389.8143675300001	181.52159999999998	108.93170546	269.60699999999997	5900.012839600001	1442.8956859999998	361352.28778144	650.2235315	510.384164758	292316.977779	280321.982842	5561.42458959	1078.6019674000001	453.7361476	170331.22102206	33482.763248200004	55524.73928370001	5290.134610450002
Organic compounds	Organic acids and derivatives	Carboxylic acids and derivatives	Amino acids, peptides, and analogues	Phenylalanine and derivatives;Tyrosine and derivatives	101.919	9.9648	20.6388	153.06528	64.5138	58.4136	47.019420000000004	309.49886039999996	143.46820319999998	78.036	871.6637777999999	103381.18061000001	139.24379608	15.1326	304.6295254	773.8305656	58.90764	66.654	177.55616126	167.17553466	211.812	137.25	14.532	363.16074	22.5324	260.1707642	48.8844	319.23449619999997	34.9596	55.899	96.15	20.0088	93.99600000000001	450.9022906	0.0	88.92671999999999	28.6902	338.217147	214.98143560000003	0.0	108.19008000000001	22.0056	128.7	25.254	38.88	50.41218072	15.3624	87.5491388	106.01628000000001	157.5	0.0	186.66358856	173.61382598	90.07699626	50.077020000000005	170.84951999999998	19.90944	17.4528	9.24	0.0	0.0	71.83872	24.343320000000002	51.75	303.15	26.6844	187.27143028	48.54	515.016	0.0	656.36892
Organic compounds	Organic acids and derivatives	Carboxylic acids and derivatives;Diarylheptanoids;Peptidomimetics	Amino acids, peptides, and analogues;Hybrid peptides;Linear diarylheptanoids	Cyclic peptides;Hybrid peptides;Linear diarylheptanoids	1150.98	9024.7452418	9499.6551485	504.5110503000001	571.1492578	2236.674441	610.04759763	1268.0709812	1595.1108990000002	2519.205813	263.6600244	82.02000000000001	936.8325403	1674.8973858	10948.182251	171.1702116	369.06703230000005	1168.7468254	874.1005774	8985.0796198	1755.8584716	154.281	223.32007434	273.486	458.8413407	2234.9380579999997	212.349	2389.5772381	368.15189389999995	881.1155940000001	99.62176465	229.347	313.621236	5493.8877064	278.226	3266.383695	406.16005110000003	217.323	242.258384	727.1362207000001	728.0130289	815.4095980000001	292.7233728	602.1620452999999	153.93319441999998	4116.265064	2249.5266589999997	70.59731964	267.81202590000004	265.113	48.480000000000004	411.702	375.8871277	381.9626038	44.676	83.57671692	1208.153456	1134.35842251	1509.9101882	218.99790779999998	4683.897113999999	1107.4659873	2140.209814	127.689	4630.209715	1041.2732615	5829.418543	326.597558	170.03559522	220.4789857	83137.25044999999
Organic compounds	Organic acids and derivatives	Carboxylic acids and derivatives;Peptidomimetics;Steroids and steroid derivatives	Amino acids, peptides, and analogues;Depsipeptides;Steroidal glycosides	Cyclic depsipeptides;Oligopeptides;Steroidal saponins	24431.569951999998	180.85500000000002	32.696999999999996	34.437	33.6999	48.03450000000001	42.110699999999994	65.8476	68.157	7.152	378.17764873	58.133399999999995	27.651600000000002	133.97039999999998	5911.7632091000005	18559.1698	49.982699999999994	17723.89044685	2423.504122	28715.95286	311.7518945	70.5423	55.46340000000001	49.7124	20.391	42.2997	66.4782	23.8659	20.6496	42.9378	47.091899999999995	0.0	24.559800000000003	69.2772	10.08	56.838300000000004	63.25620000000001	0.0	0.0	30.3324	82.974	0.0	105.2544	52.440599999999996	127.806	87.36240000000001	0.0	20.880000000000003	91.92960000000001	29.6595	19.6263	0.0	43.1685	11.2134	10.206	12.1824	152.4414	28.644000000000002	78.7797	37.689	33.0261	356076.14207000006	2987.9737063000002	24.4182	314.0714469	125.23259999999999	77.9658	6988.7563863	33.3144	18.354	75751.71344339999
Organic compounds	Organic acids and derivatives	Peptidomimetics	Hybrid peptides	Hybrid peptides	291.3288	519.6219034400001	447.32594544999995	406.3154879	165.1119	144.33210000000003	2819.7211660000003	272.81820000000005	806.4667213	867.2284771	841.1354143900002	89299.07439	1737.0305612	337.52416048000003	626.97837038	502.5072	322.76964624	820.4317325	4233.82682	1942.4016059700002	836.4096574	279.99893886	162.71303288000001	15121.051942900001	1488.0840161	2532.0973510000003	422.4984	162.2625	1693.0588734	231.2394	1615.5500917000002	574.5611327	271.55824431	367.07219999999995	850.5710760000001	555.0052869	433.11540819999993	680.56153131	1010.57915371	389.907	601.19592658	99.08999999999999	149.58864255999998	274.50859205	78.8349	409.719	2991.8049469999996	346.49831495999996	423.48963867000003	238.99000196999998	377.5752	273.16517851	200.09796500000002	243.10657068000003	246.95909904	198.0972	610.1156103000001	295.84904559999995	541.0684732200001	897.7925405	2957.530679	180.19056603	203.19540000000003	274.67940000000004	2850.9390977799994	951.9356701699999	299.62026149999997	1108.9847120000002	453.62589230000003	88.6224	1735.2948124
Organic compounds	Organic acids and derivatives;Phenylpropanoids and polyketides	Macrolides and analogues;Peptidomimetics	Hybrid peptides;none	Hybrid peptides;Macrolides and analogues	0.0	0.0	0.0	0.0	0.0	0.0	0.0	0.0	0.0	0.0	0.0	0.0	0.0	0.0	53753.445692	0.0	0.0	0.0	0.0	4553.089148	0.0	0.0	0.0	0.0	0.0	0.0	0.0	0.0	0.0	0.0	0.0	0.0	0.0	0.0	0.0	0.0	0.0	0.0	0.0	0.0	0.0	0.0	0.0	0.0	0.0	0.0	0.0	0.0	0.0	0.0	0.0	0.0	0.0	0.0	0.0	0.0	0.0	0.0	0.0	0.0	0.0	0.0	0.0	0.0	0.0	0.0	0.0	0.0	0.0	0.0	0.0
Organic compounds	Organic oxygen compounds	Organooxygen compounds	Carbohydrates and carbohydrate conjugates	Oligosaccharides	335.1210924	4953.724585	12921.61662821	4888.5264036	6337.2409981	4295.940297	3322.753333	4385.4652252999995	15855.491240000001	9714.13168155	2845.8137859	9472.106404400001	2096.18659969	17523.2935528	362.891272	2476.2326429699997	12309.219309	6642.562474000001	92.28486000000001	371.30519999999996	7470.379904199999	1940.8278129999999	222.52290000000002	180.57126000000002	1381.6809975	454.8430798	2762.995647	1270.4729466	9870.0452418	253818.010372	2347.2884615000003	49731.450813	415575.344538	225801.541773	9130.0521663	486553.1756560001	39209.720952	13532.661174	43427.47353	8231.2065244	29462.2354165	363098.609976	5396.6741586	7690.248782470001	406.23793084	2821.152082	2231.273076	4968.2997675999995	5108.73435755	2850.533797	5885.065952080001	10797.490919999998	296509.297578	12693.47098	9218.131444	10271.873402099998	13980.964008200002	34134.5767	4211.930779959999	846.5707283	1976.6471670999997	438881.24222009	1441.2843764000002	50.64	1183.354422	3535.5857129999995	5392.922418799999	304.39877859999996	517.83876937	1401.0685549	39561.772400660004
Organic compounds	Organic oxygen compounds	Organooxygen compounds	Carbohydrates and carbohydrate conjugates	Phenolic glycosides	64.7961	91.0629	796.8401576000001	71.97780727	11134.872659999999	203.47598125	256.3956	152.3382	147.2973	367.4058	166.5414	101.5605	92.8494	163.0812	84.65424795999999	50.83854065	99.74549999999999	228.42090000000002	227.16039540000003	7095.21777	269.1315	148.1997	223.92540000000002	29.249399999999998	32.8479	120.786	791.7768	652.6146245	84.12	73.41300000000001	578.8918096	312.7254248	178.43220000000002	171.72908239999998	191.30440341999997	258.3204	224.5796019	213.10335085	926.2461778999999	48.974399999999996	3468.1248299999997	132.7188	196.9137	3813.4625109599992	85.3806	30.8505	2380.487738	2604.51822997	2159.1201719999995	212.26846719999998	9633.395217	609.4768402	491.8067005	2784.949498	6076.72544195	1867.0354309999998	10521.2203177	165.6375	346.0371	25.4007	146.9981539	516.1429365	61.719300000000004	55.924499999999995	62.7171	200.81249999999997	84.83456792	69.4665	97.57378125	61.79926519	178006.395565
Organic compounds	Organic oxygen compounds;Organoheterocyclic compounds	Organooxygen compounds	Carbohydrates and carbohydrate conjugates	Psoralens	91.73863361	41.979299999999995	638.2278844	72.80885866999999	33.9801	39.321	45.77159999999999	8.4	24.77238464	63.058499999999995	436.88547710000006	80.5899	74.2545	74.80072734	74.19458701	178.29720000000003	69.50206729	62.082609160000004	279.49885377000004	751.3838513	94.9461	14.366700000000002	35.1075	28.59	100.00348473	171.2769	959.8313119	33.735600000000005	68.145	61.540499999999994	52.251	31.80957806	26.755499999999998	238.2968981	67.2678	100.116	16.8399	19.521	84.0642	77.98830000000001	101.739	33.5637	130.8940645	242.48904659000002	28.6248	416.2117148	58.319397620000004	52.590599999999995	66.59042449	60.32974226	109.0266	87.546	33.13967119	187.73914158	12.2298	159.05567093000002	102.52170000000001	166.1698852	181.8395167	35.1432	305.44147569999996	167.02498264000002	2736.368724	26.3172	81.0723	149.27370000000002	60.6183	123.71340000000001	106.8978	39.19200000000001	164861.72791000002
Organic compounds	Organoheterocyclic compounds	Benzofurans	none	Benzofurans;Neoflavones	65.82	4895.727049	4946.138968	4663.001266	10499.89381	2254.2235289100004	459.1257374	2008.9386702999998	184.5105	3704.674134	30.0753	0.0	38.833200000000005	25.377899999999997	28.0314	0.0	0.0	151.3872	11.6334	78.3684	185.3598	23.4171	189.363	92.76915916	5.88	11.2332	487.1792302	298.3296877	9704.30255	58.227599999999995	1235.987248	667.920544	1434.765891	308.15386588	85395.21399999999	4336.550041840001	3630.5284184	2679.017634	86.4894	449.28482829999996	8251.384868499998	245.5224	1156.2770429999998	9690.05167388	199.3134	60.160199999999996	28.71	8989.8028816	215.28390000000002	993.7294018	19424.931774999997	2784.549382	8597.958314000001	2271.5273519999996	382.0664405	434.26162739999995	9384.010976	30.2493	48.192299999999996	26.6697	14.2548	42.88049999999999	313.3785	15.7635	63.549	25.3692	86.3298	127.3698	11.2596	33.1044	14.4648
Organic compounds	Organoheterocyclic compounds	Benzopyrans	1-benzopyrans	Xanthones	231375.65999999997	213376.22699999998	99739.44	101504.226	27927.084	80847.87	51760.188	75322.50585	78907.434	38574.285	179376.99000000002	746.817	127722.447	65169.783	283301.478	127799.094	65243.97	69399.03	119607.852	2013769.155	881722.9110000001	142727.742	109206.52500000001	32861.649	15347.727000000003	151017.954	59616.495	185549.04	38999.91	84070.701	113203.0677	35424.43978	37919.604	160446.29504	4950.699	162379.59300000002	1350700.6320000002	1011138.3870000001	1225832.688	1073169.51	705349.1973499999	814314.804	750590.9359	261159.29988999997	488297.799	301901.18700000003	108221.85	112032.912	83007.909	113165.385558	93775.01234900001	84064.84199999999	186273.20432999998	135768.948	29673.951	48768.708000000006	114363.783237	182289.47100000002	412260.30299999996	64592.397000000004	89880.93900000001	305799.663	740182.0836	52576.05	243492.34499999997	190579.989	56563.371	96865.011	88905.012	78088.128	1850903.2799999998
Organic compounds	Organoheterocyclic compounds	Benzopyrans;Naphthofurans	none	Naphthofurans	0.0	55.26056379	57.96102773	76.66744383	183.26279168	135.0198	51.24725894	86.1414	39.7044	105.89329787	10.7352	74.907	34.4205	0.0	0.0	83.8647	0.0	240.264	44.1519	94.0212	0.0	28.8684	35.4138	42.5124	0.0	11.2002	30.438000000000002	37.5624	336164.8074	555580.3157	20743.9471	304008.09589999996	939331.6628	726481.4638	348947.9933	18767.40734	30.8052	283328.8418	680068.191	3625.824995	308083.9872	607291.46241	23645.810380000003	10188.732714	17.1612	1337.576227	383.0950856	7533.428890000001	36.4752	244.735357	3512.341242	320.07396719999997	245507.7797	4502.171346	751.2539999999999	188.7156	19915.750774	136.4328	195.3198	17.946	94.6926	155.25	47.96855127	76.41	31.4565	0.0	62.64	17.4384	36.0168	15.618	69.7362
Organic compounds	Organoheterocyclic compounds;Phenylpropanoids and polyketides	Benzopyrans	1-benzopyrans	Xanthones	21.8526	265.63590209999995	286.9678932	410.3328807	327.528979	88.8912	19.0704	54.87	28.346999999999998	721.2653084	9.801	276.228	6.7776	11.52	50.5818	4.3785	40.1073	16.515	10.647	50.730000000000004	11.1879	276.24449999999996	35.1834	191.6735185	27.54	69.486	85.8735	106.473	166.97340000000003	112.55010143	256.62378817999996	5470.659970000001	2835.206854	452.0454	326.3533286	521.7144619000001	146.0094794	234.73620000000003	216.67473660000002	13.6944	1658.8765692000002	2451.419967	183.83917083	8777.52218	50.4384	7.1604	15.9093	51767.219119999994	288.405	15987.3707293	17617.82205	1691.690746	6758.9029801	22267.907099999997	4941.360114	12388.502199999999	8638.139858999999	43.9344	7.622999999999999	117.9684	42.171	43.1514	26.770200000000003	0.0	27.141	15.498	26.1681	39.42	0.0	507.17332310000006	0.0
Organic compounds	Phenylpropanoids and polyketides	Anthracenes	Anthraquinones	Anthraquinones	99.5313094	14088.76533073	16165.649270999998	4142.275572	7342.0607819	5383.532297999999	8896.926581	13996.392115800001	2999.79913562	53409.39152668999	259.89234591	1746.31076843	110.51758586000001	46.4067	109.8006	53.925	71.7807	261.597	85.2132	160.9908	164.733	146.6964	64.527	1061.6949933	438.1218	394.40356822	179.96628263	282.1356983	130003.412843	1234.9744274	211029.24871999997	450857.87193500006	374517.61996000004	14609.101302519999	79710.367677	33676.8372769	10393.032555500002	46670.272389	6471.4759967499995	120.61410000000001	153816.83000299998	519661.60451189993	55126.477678	93175.53414841	88.82178933	167.3031	275.58968666	80192.31192130002	224.82989999999998	72859.044161	168152.6638102	40751.394569	97001.84131619999	126620.26308437	43281.57892	31013.5912	203912.576507	2070.3150406199998	617.7546655999998	330.822	141.4887	350.64465516	167.16029999999998	397.6797	280.47429612999997	491.77770000000004	298.74463822999996	602.2025934000001	580.08231352	1414.3217703999999	352.9425516
Organic compounds	Phenylpropanoids and polyketides	Benzene and substituted derivatives	Flavans;N-phenylureas	N-phenylureas	1244833.4358	1708131.64732	1751988.94266	1643611.5398000001	1003499.87542545	1138638.2423	1824072.6998	1464094.5722000003	1661995.7406999997	3861899.1875511	1748865.0354630998	832008.3912000001	1227297.9138	1101486.4626999998	1116132.4227999998	626945.1828	494678.07065999997	1221159.70931076	1504832.132	1847582.0154000001	1580111.8357999998	871478.5118999999	512654.3664	660911.5070999999	80781.44369999999	1610316.58273	883270.4343000001	1557104.0612	1809684.0717599997	1993855.3132000002	2710922.4765926404	2853112.605	2727061.5916000004	2853349.1623330605	2882482.2402171995	3126522.7000999996	2860622.9610640095	3200021.3266000003	4722376.932700001	1951368.423	3081557.392	3987018.9409999996	3003028.6229340797	2254273.41315	1525609.7556000003	1087846.8189	1283406.9781	1550252.4972929398	931525.3110000001	1541605.5254000002	1720756.71549	1083797.36062903	3255110.3768999996	2481563.71564	1241005.0884999998	1188983.54618	2166407.2841053703	1116088.256	1634662.1823000002	1295375.9391743003	7567.5486943	1792565.7215	1036397.2732	782781.8642999999	2166479.3841000004	1869171.0122619998	1901500.8595	1698536.53464	1277435.461	1982539.768	3404703.78475847
Organic compounds	Phenylpropanoids and polyketides	Benzopyrans	1-benzopyrans	Benzophenones;Fatty acyl glycosides of mono- and disaccharides	38613.44858096	49308.511354	93310.670557	76824.206877	29429.354325000004	34622.206599	67012.95861	50884.558434	190512.63589	75355.068376	138529.645073	35256.5719254	200424.65266799997	79420.492562	55341.2089934	33236.183869	23598.301819	39359.458019	154276.32202300002	160342.09454700002	48871.330007000004	14500.786227999999	53417.11179599999	231483.696881	30864.944139	34913.42400100001	37109.069111	96652.293937	47398.561244	17989.3097557	26512.500794	120026.35308599999	45897.2650532	32595.763191	63058.176808	29295.664575000003	34487.541335	107329.122505	65490.45322099999	46246.178443000004	99741.95889000001	32693.687441000002	69398.608694	62106.85188300001	16423.103380999997	39726.288539999994	29966.887374000005	50153.534024	73356.887418	26880.592230000002	97781.69387400002	27550.4655348	82074.779382	47476.0532277	56419.537737	39806.073093900006	65251.93893599999	36317.1924578	64794.66614099999	30660.715588000003	18505.3452771	30802.536998900003	12059.502681299999	29270.7860498	71917.068002	35345.308519	10628.762392	18071.306876000002	23418.1917369	14459.142459	32643.135503999998
Organic compounds	Phenylpropanoids and polyketides	Benzopyrans	none	Xanthones	24.564	62.644800000000004	25.5852	48.531	1466.569219	148.14027615	72.1137	209.8494	100.2978	108.90690000000001	41.8986	15.7077	19.8738	37.126799999999996	101.0736	7.1579999999999995	22.965600000000002	50.20739999999999	13.1742	33.639	17.871	63.623400000000004	244.1076	102.2038385	3262.455504	14890.440919999997	0.0	40.308	62.7825	147.3	576.7778544	134.4381	360.72540000000004	1654.6936807999998	140.1768	369.5799	111.6408	71.29679999999999	375.2031	101.20680000000002	207.84472390000002	513.7550538	356.52660238	3420.066987	28.2318	9.7584	126.2199353	47024.840518	33.9129	594.7519017	8619.183899	5018.9148342	1146.3125571	22357.814867899997	292.2295654	7171.11424552	21924.510432000003	249.2564681	60.04859999999999	94.3896	413.72356130000003	86.8074	47.9856	91.3845	99.99929999999999	28.0401	43.9995	51.985800000000005	12.2256	107.0415	65.1246
Organic compounds	Phenylpropanoids and polyketides	Cinnamic acids and derivatives	Hydroxycinnamic acids and derivatives	Coumaric acids and derivatives	276.76709999999997	279.06859021	57.02850000000001	43.385999999999996	14.585999999999999	58.1097	481.33772239999996	167.96844598	59.8155	150.33307863000002	712.59660987	94.6779	8040.555114	197.4512994	368.2689	263.508	258.7572	29.43	235.8513	116.7201	140.0832	23.7288	321.6132	101.86949999999999	337.974	53.7564	18.66895892	38.6298	52507.375515	481.44059999999996	66.6894	27.9525	307.71659999999997	51.1359	76.167	176.0811	39.153	56.0583	122.2926	42.178799999999995	28.3602	25.1565	43.9221	39.105000000000004	79.35441815	28.4283	195.5097	4.4415	13.7538	38.777100000000004	118.1214	66.95564985	17.9865	20.2911	50.952299999999994	0.0	40.166700000000006	37.4643	58.82392942999999	79.2273	62.858399999999996	139.1568	265.92008979999997	0.0	293.358707	96.43104549999998	41.7231	397.33076689999996	68.8614	324.0111413	156.67891455999998
Organic compounds	Phenylpropanoids and polyketides	Coumarins and derivatives	Coumarin glycosides	Coumarin glycosides	20.1006	191.83157079999998	279.30021	454.0515271	81.9702	0.0	0.0	75.14046	461.94895460000004	454.48410419999993	155.77214118	80.04333	49.65312	207.7836	223.689	114.597	628.492479	85.58982	593.8218554	20.8104	803.4330732000001	62.26326	373.245	53.543519999999994	58.656000000000006	0.0	390.84281999999996	66.25910999999999	157.71	113.8053337	193.9106726	206.92476000000002	56.1	319.3886222	321.96871335	23.04	120.4297663	23.12688	68.49153	222.46951598	189.33264	16.0284	56.2122	581.7980846	110.39478222	41.88582916	16.992	624.3008947	56.97192	102.90574344	156.29712	112.67609999999999	366.1560831	241.095	288.7554146	392.2396528	23772.935579999998	157.04875802	167.24028270000002	76.398	137.6384188	457.0892538	10515.660414	0.0	2323.99402	279.84192	759.5619386999999	1090.5647843	584.78922	132.51636000000002	3751.980202
Organic compounds	Phenylpropanoids and polyketides	Coumarins and derivatives	Furanocoumarins	Linear diarylheptanoids;Psoralens	18367.4370154	20741.912129000004	20115.0962744	18087.541907400002	28644.0675728	29670.178748000002	26781.533874	19742.114433999996	32608.691655000002	46000.484907000005	25547.339454	23149.831853000003	19308.480605	26237.825198	56895.711654	20054.478519999997	13255.7793256	17784.802127999996	58344.871861	110439.12920499999	23999.2413	16863.115384	16223.2855797	155120.155109	19879.499482	33472.44053199999	20411.92744	20029.941813999998	19230.066845	15529.681646000001	21071.223002	24406.534924	22449.030686	14784.09045	43361.537777000005	18636.7782302	18077.6769546	44025.230595999994	14107.3187394	15437.039991	20454.746389	8312.0884635	18658.614136999997	21299.957357	20390.068550000004	21196.335252999997	7907.5277521	41565.411846999996	20849.243945000002	14146.6410832	15488.705097499998	4788.337827999999	20750.157123	31325.999709000003	33965.575904000005	26447.353546	27227.649032	31750.010271	51476.632878	14771.943389	19047.594837	51934.000728	12084.397363	14822.608849600001	15420.018231999999	19170.82815	16489.784571	25041.868646	19530.252395	7757.720595999999	111851.20367999999
Organic compounds	Phenylpropanoids and polyketides	Flavonoids	Biflavonoids and polyflavonoids	Biflavonoids and polyflavonoids	22.4094	51.447	51.5385	33030.18256	75.2688	18675.697891	0.0	230.71599790000002	211.7057844	143.3826	32.616	111.636	28.191899999999997	16.8252	68.0646	19.278	35.9088	71.0655	57.1338	217.4562	53.3685	99.66087902000001	37.7109	122.43780000000001	74.81280000000001	105.9603	21.5793	182.9997505	46.6278	179.4726	332.01759369999996	77.9199	24.3072	734.0379687999999	1966.594051	123.87599999999999	191.1661637	33.36	86.0304	155.8236	102.27629999999999	0.0	28.8465	38.1684	160.8049278	98.62440000000001	46.3086	546.0183000000001	25.7529	48.416700000000006	57.54655719	60.93336943	22.5522	73.2633	27.0777	66.576	97.09423059	49.8684	102.7179627	133.53412781999998	52.1088	41.91	43.1961	800.851334	86.2392	296.9319335	165.46647480000001	24.469199999999997	162.92669999999998	229.6128	107.63550000000001
Organic compounds	Phenylpropanoids and polyketides	Flavonoids	Flavans	Catechins	12683.399175400002	117.71099999999998	271.1699241	7333.191344	27979.35465	3490.169784	121.24560000000001	12389.036310799998	15963.098983	3960.178467	102.47694478	20.91	223.8657	11.376000000000001	30.4938	10793.166349000001	7.8660000000000005	862.2565189999999	62.81642403	13.3737	129.1200044	207281.39130000002	8899.349269900002	37.4745	2894.0363705	56.6514	428.70775460000004	24.9225	35.016000000000005	22.0113	78.8394	35.5137	13.509	101.23049999999999	35.385	45.0474	114.78023119	19.8198	327.53729999999996	33.14799006	21.4101	43.2078	8.94	0.0	6.1074	5.0184	634.7986826700001	9728.185144	45746.71859	38.001	149.04420000000002	48636.855254	34.6524	4662.9997060000005	29.023828710000004	8545.009791	35.93846349	7227.92289	52.6707	27057.92501	57.855599999999995	175.8375	56.97	46553.105743	49.9851	17565.013988	121.29563699	29.1969	143.65053047	11497.077409	72.9282
Organic compounds	Phenylpropanoids and polyketides	Flavonoids	Flavans	Flavanones	221.68200000000002	4938.382982	4850.5929448	47099.37273	1903.677345	17970.4787894	298.04608139999993	32296.740541	4262.799010000001	16897.149357000002	181.9521	28.4424	37.6854	58.2357	313.3495755	75.1233	175.69025649999998	1594.572946	172.49700090000002	346.5027	5344.7039737	4325.488297	1895.3776506599997	1671.9276	168.05819508	317.9671445	2864.9620684	10455.839559	27342.7135	76395.15374000001	220130.10223999998	121355.33849000001	20182.1339	49080.305529	3334.72692328	3129.67293621	4102.506565	360.2107208	19341.8386151	332.8965	1965.436259	1522.1516617999998	1304.585714	143.8086	15.417	129.19523422999998	1297.059833	5684.777926	110.9448	109.23299999999999	9115.915987	1486.4089880000001	12286.254545	241.5633	1090.208047	1918.4465969999999	3672.786537	126.36630000000001	281.13	1553.61105754	206.9813096	60.24448943	114.6414	51.8451	10989.382055	551.8028508	742.3422	1755.655668	2441.8502359999998	366.5706	103.62299999999999
Organic compounds	Phenylpropanoids and polyketides	Flavonoids	Flavans	Flavanonols	303.7727816	16728.11972	10499.20599	259657.73600000003	2560.938178	24694.390158	12.1104	24078.5125981	7905.300158	7314.9584752	48.1089	37.1268	78.25410000000001	11.8404	17.2368	61.485299999999995	70.54075668	637.87947473	138.6258	24.276	1484.730839	540.7461035	832.9129561	154.96571631	126.86882299999999	39.1248	1709.923438	231.9947279	7114.536995	23735.936308990003	110569.891	37315.95349	1062.627077	30949.2262853	663.13158662	10999.0524266	403.34762200000006	4390.12594	5449.862302	84.0933	3738.0655060000004	1585.867649	3931.933458	37.84139999999999	84.42827003	96.7869	2706.08608	17673.922981000003	165.02619298000002	72.6486	25679.019630000003	1285.8657128	12030.02382	753.9194357	893.2853250000001	1375.4490061	4525.150965	417.05954122	194.08499999999998	1167.69626136	1212.737302	62.721000000000004	48.94199999999999	754.7160000000001	6289.141871000001	6358.834539400001	7877.739143000001	970.629449	10060.815749200001	555.9561000000001	68.23843942
Organic compounds	Phenylpropanoids and polyketides	Flavonoids	Flavonoid glycosides	Biflavonoids and polyflavonoids	2873.66991676	79.95309343	35.298	1108.7544061	9452.9671505	186.3813	124.35864	2548.7601275	11931.6073598	470.71773640000004	160.7265	238.7091704	239.04948	130.4955	18.828	2682.8581379999996	85.48079999999999	81.27378	110.2923	156.3747	19.4472	151033.027898	1540.3836057	67.54769999999999	826.390742	424.62917999999996	229.6265644	120.17941578	41.7558	29.457	559.472864	148.386956457	171.7788	79.8474	393.80547809	48.588	599.0079784	117.14619017000001	58.4244	393.67986720999994	327.17904	32.25987504	148.6215	298.68669718	45.716304269999995	90.6426	1405.6492579	5285.7647502	6335.803905999999	234.2439	530.2713512	17027.49082	145.42908	2170.0814458	214.02006	19852.7192	113.7291	3028.7039468	278.3873738	7116.753092999999	495.92015999999995	161.82813226000002	63.24	125418.27506	179.23244418000002	9165.588222999999	1126.7320021	131.44476	306.2602619	3720.9454244000003	278.91702558
Organic compounds	Phenylpropanoids and polyketides	Flavonoids	Flavonoid glycosides	Coumaric acids and derivatives	59.16	164.38830000000002	482.86140256000004	459.55942273	124.39680000000001	115.59035742	85.5552	177.78488342000003	401.57853012	473.15521178	349.66696166	381.41868862	180.00665439999997	261.9936	132.1038	83.3778	326.27228536000007	146.07535323	117.3156	153.9426	360.9558	72.90809999999999	167.31029999999998	188.68200000000002	137.0268	249.7824	160.64924297000002	341.75227510999997	502.06419689999996	234.5181	194.96625102	202.14708065999997	225.4752	363.24985122	259.00841897	441.7825396	250.24379999999996	314.88545942	206.32619534	99.7851	171.7122	156.57328181999998	161.0247	147714.58664300002	9359.04029771	54.168000000000006	196.7322687	179.8389611	260.8688514	352.62951306	312.48030000000006	262.140853876	421.5962951	312.55194291	202.48799999999997	141.35399999999998	173.77708368999998	494.46490429	223.58999999999997	157.40031195999998	80.65189566000001	104.94803093000002	121.4076	206.7393	633.9512285099999	220.05502293	217.16051162	374.35702266	140.08321205000001	261.62789080000005	330.50937187
Organic compounds	Phenylpropanoids and polyketides	Flavonoids	Flavonoid glycosides	Flavonoid O-glycosides	1192.6281624	18135.511266600002	11787.282598000002	57210.726656499995	20415.323845510004	44930.271630029994	1261.2940216299999	22765.68111148	76067.27075269999	99362.8885798	1796.4497428	594.2684443	2214.3278375	1312.83253076	159.27297755	41762.01300574	3353.80783681	10280.31108068	315.66895123	518.2198879	85043.46066380001	23028.0500866	2479.0603113	11268.722882220001	1901.9436572	656.5751556	873.9750339999999	881.0569158799999	1457.1309537	12978.1882686	152145.6380561	21306.155223960002	5277.6116246	12240.83403008	31595.370004910004	33506.289228	22531.108885	2635.6526704	21111.757884000002	311.41726889999995	3866.6379489	2441.4636925000004	1492.8138291999999	8825.2435912	334.79050691	499.5765244	4034.7394338999998	9335.35349644	3651.621472	5681.970209200001	6186.28531013	5897.3526497	7115.722733300001	9509.5479941	641.56869063	740.25898785	10126.3785838	45721.951488000006	1791.737856489	10987.514698289002	1337.0400984799999	304.26350407	968.4469952000001	3518.020256	602.58260988	8661.054937199997	1650.2054350000003	303.12479999999994	8164.1595715	84.2814	416.72678516
Organic compounds	Phenylpropanoids and polyketides	Flavonoids	Flavonoid glycosides	Flavonoid O-glycosides;Flavonoid-7-O-glycosides;Isoflavonoid O-glycosides	0.0	1326.792053	439.22201210000003	1985.638358	61.19001797	367.6161937	382.10819060000006	244.37309869999999	74.3259	2965.137446	25.05953458	25.3662	49.013999999999996	30.615299999999998	41.1024	10.0632	75.0288	28.7439	31.4592	8.6469	45.6525	23.381999999999998	0.0	23.2398	14.7726	18.8922	913.2166844	22805.88577	995.4045218000001	41.3364	56.8251	493.2429119	60.80663181	128.10650742	1416.840825	5535.091920000001	8978.473024	262.9462083	72.3021	7.2	1043.7216529999998	103.1571	174.0816	1945.56017	245.901	29.493000000000002	0.0	219.15200293	26.992800000000003	43.444500000000005	487.30499999999995	18.6804	1134.0368859999999	69.6705	58.394999999999996	54.5616	377.8135893	25.0761	220.3221	50.6574	0.0	27.0912	65.71389479	24.9459	51.1452	184.38479999999998	38.544	28.380000000000003	35.194199999999995	72.7551	78.2724
Organic compounds	Phenylpropanoids and polyketides	Flavonoids	Flavonoid glycosides	Flavonoid-3-O-glycosides	517528.08242095006	783785.1862727497	841809.60589491	370318.74103886005	349241.9777411499	471490.8254288598	1182830.8052031198	1123619.0525211198	452375.65620449017	1950712.3766916497	526535.3636667099	10643.828547340003	225239.64822370015	223544.20103990007	190727.40304163008	187309.08039306	229863.00827681995	152199.65349198	186251.59917816002	872123.6712617195	1049352.58114571	148876.02776140012	296686.60187919997	98818.00735715	545860.8737555	284138.4775903619	67961.31989118003	237697.78260269	910774.2419798401	752201.4987853401	2017079.3975187202	1904781.3591978904	1862659.6674652377	1025985.0846051252	2894110.587164209	1042816.0983218596	2331118.2905737604	1287365.5092159489	1788494.7146690409	897030.6233997004	2016489.295509856	1596358.227870279	1561906.1544160398	363775.8046196339	389421.13565861	184329.50695567	734861.8671501899	447263.71429901005	80888.92446709001	316682.51662324	585414.1554180696	530334.5515163299	1853401.367496611	739216.2789452592	512207.62924806995	679818.30750397	1550194.0352316692	183823.39298165007	548557.9911022701	556322.7112084657	171846.61426907007	201269.30240674998	954293.6910047001	29475.926100439996	882458.0831536303	917067.2232303305	657198.2743579001	916436.07120936	712123.2765542001	1409571.03905938	1003426.1149303501
Organic compounds	Phenylpropanoids and polyketides	Flavonoids	Flavonoid glycosides	Flavonoid-3-O-glycosides;Flavonoid-7-O-glycosides;Isoflavonoid O-glycosides	60.19709999999999	335.3577531	48.0402	1322.91818839	272.73935600000004	209.44882324	62.26917777	135.7902	140.8083	31127.863482999997	156.5502536	370.9212435	102.17699999999999	152.9300636	92.4447	45.471900000000005	71.14864453	290.55171634	215.679472	272.0273542	296.3004	41.9085	52.06083611	194.09812914	23.3166	68.28185404999999	31.5084	128.841	142.4673	206.28482166	15917.461976	88.1799	431.2266268	145.11657695	176.086203	92.7786	36.5658	74.8212	103.7307	23.8854	6207.418215	202.81627730000002	162.0297	64.71361042	28.0071	32.6658	177.4452	59.6193	10.038	44.850300000000004	40.4193	107.4444	6734.298148700001	92.7252	55.0206936	55.317	82.4874	42.5328	20.205	27.2577	35.3694	59.0139	138.17352590000002	14.58	42.8376	55.212900000000005	75.35640000000001	49.76062232	13.9815	106.7361	513.8860126999999
Organic compounds	Phenylpropanoids and polyketides	Flavonoids	Flavonoid glycosides	Flavonoid-7-O-glycosides	11484.234353189995	54410.35075952	51529.79376828002	26251.648808410013	33247.99858856999	3829.3547065099992	9475.161886199998	10221.218046960003	33679.32615155999	40994.28062266999	1985.9276224100004	2857.270342030001	1644.5486729580002	2883.0992131900002	1847.3408793499996	40751.974482428006	9110.316366199995	81287.94977257997	69276.17404333998	1476.1185022499994	16070.760739570005	2632.4665423	4718.84970741	2329.84710273	12646.595815769995	19529.74711588	81545.60346941001	99411.46310199	8445.779485829999	9841.76403185	41637.87547361	217224.94169063005	30140.995266479993	9357.761310821	62021.73909587	30286.427933849995	6461.1267922	4726.99305461	7839.964294739999	6505.09204531	5864.919013682	108114.38435132003	7770.9475906100015	878994.78158163	758209.2259313599	1883.9546308400004	12363.092802229996	11754.810985680002	3551.0948050500006	39629.22178522998	2590.2794472699998	4109.726766516	27944.31859545	3536.6920877400007	2557.93769826	3914.17405431	241686.92844786993	22543.372313519998	192793.53739359995	138003.25386330002	666375.46543616	11668.216710910003	119404.84904559	16821.326934719997	53816.49004629898	24107.730541279998	117221.40129130994	82030.92510621	5548.67757717	5369.750719800001	682805.4049114098
Organic compounds	Phenylpropanoids and polyketides	Flavonoids	Flavonoid glycosides	Phenolic glycosides	35280.83811458001	23221.98697494	10153.28994927	41571.24090189998	9172.288800209	20623.35223633	1448.7807574000003	15906.37967619	50724.89533524	64259.15796753001	15045.44908049	843.0549474200001	29985.085634610004	5919.672513140001	318879.67129061994	37723.769180480005	24944.8204671	52649.149454099985	2841.45173934	7107.286369639999	27926.899253379997	163782.00138114	3259.78234537	2625.3532203	12286.795477300004	5003.780875389998	11908.317535499998	10591.552606647001	1660.08233703	9172.89966775	27286.47421179	19421.579198839998	6910.41537405	21319.09247801	5801.548659200001	35782.35612465	10151.310177700001	6521.93382492	21030.4101814	1496.43163665	2532.00717138	5968.909144700002	13535.704634250002	28003.77888674	1031.5065054	1620.2434488000001	40686.40222562	47920.807052	1702.11929775	22225.292640909996	33632.01976017	17355.821304060002	32964.025949740004	71589.30812161	46434.88641996999	21187.21735163	10542.278487290001	200864.05081910998	32268.94386118	4335.9898716	10972.764432430004	56932.919511309985	24780.23511949	17315.782289280003	27337.50066713	97944.41273089999	60808.73462731	29131.24294912	23389.962946940002	867.4575752400001	8804.652817130001
Organic compounds	Phenylpropanoids and polyketides	Flavonoids	Flavonoid glycosides	Xanthones	2050.682067	3775.3653808	17722.2334409	305215.98350290005	53112.7954046	1998.57690668	5664.03595116	18374.497637000004	16400.0036196	11292.46138474	1790.82275025	1485.4308	554.59489128	1179.6762744199998	2991.5662457799995	6052.86996478	3211.8271283999993	10446.232362000002	619.7175034000002	3963.8466450000005	6660.633991129999	274127.12395432	1102.48308379	585.2592000000001	56333.58157690001	106316.8319137	4848.4571038	800.44758044	693.4687106700001	1102.6842	19568.72261165	9652.6836255	1352.7389574000001	791.8681763999999	9061.333283499998	2324.8408676999998	9693.160487999998	8691.08264834	14797.117046300002	12550.9005409	2257.352596	966.5702111	693.4352100599999	1376.5724865900002	9949.40719385	547.5486	3212.0638319	4387.38555655	7814.652547000001	9665.0900034	1026.6575476500002	3622.39474033	32901.0462377	7384.24850065	1202.51391854	5250.0018415	3123.3242388099998	210741.23441	5725.02305005	3121.8291841	16617.8903217	857.0405999999999	277.03940854	193298.43420000002	39497.46598488001	5595.681300860001	4809.55081665	654.3778945	891.15971796	934.04384077	1253.6625296
Organic compounds	Phenylpropanoids and polyketides	Flavonoids	O-methylated flavonoids	7-O-methylated flavonoids	22.3716	535.6512106	247.8119746	2062.5065412000004	31.445999999999998	133.1837284	58.4436	61.2078	1899.3746429999999	264.252532	81.44989142	421.29342	55.1907	46.2234	32.215199999999996	18.6576	55.935	4133.3751486	46.6716	43.955999999999996	46.9605	68.1318	11.6058	177.07362407	84.85000109	234.3033	21.048000000000002	1226.57587	6126.3994702	953.1919529999999	14453.294532	53043.61651000001	313.69276909999996	488.79154199999994	69.5964	21.49526621	47.1276	119.11710000000001	173.22570000000002	8.9625	187.6377	111.4131	89.20920000000001	73.92396132	9.4536	113.32905059000001	30.5775	13.5063	42.260400000000004	73.4355	72.5076	29.1087	147.4194	55.17401642	69.048	19.753800000000002	102.22200000000001	50.7522	56.367000000000004	88.368	28.8312	74.7756	40.8489	30.063	160.5106489	78.0201	74.6712	220.9533	46.506	23.1315	49.7241
Organic compounds	Phenylpropanoids and polyketides	Flavonoids	O-methylated flavonoids	Chromones	20.937	198.34166138	130.2528	15663.312139000001	88.2987	125.5806	70.73256559	80.3757	24.758181280000002	176.9244	32.1405	0.0	27.8451	39.3468	63.734737429999996	27.84239242	31.1649	523.1133756	68.2845	20.3904	22.0515	125.9144622	29.61	31.73262407	75.1953	224.0718	18.0156	173.8398	9533.278694	1146.423932	131012.611952	94500.56029999998	412.0671	585.661389	277.7825377	161.8842	77.3001	51.315	272.6256	31.966500000000003	95.919	114.4893	82.47149999999999	5.2875	19.2384	32.472899999999996	40.579499999999996	26.578500000000002	201.97581830000001	50.9499	29.894399999999997	316.1424214	55.7067	101.70401642	86.6682	148.0008	47.163	141.6384	26.154	84.1602	43.284	68.3928	34.7865	26.955	84.6468	139.7355	104.06748605	54.1359	87.8094	83.8719	104.9001
Organic compounds	Phenylpropanoids and polyketides	Flavonoids	none	8-O-methylated flavonoids;Aurone flavonoids	1703.2864431	5838.0136426	12678.161593699999	2780.7248578399995	1105.7697856	22487.44866592	2934.2008836	6464.584688	55185.04647501001	11188.922198890003	15207.491402149999	234.8622	30313.637456000004	30302.332049999997	352.79919831999996	504.7235112700001	3624.8766751000003	4935.68155576	2090.32917637	3166.23255362	1876.2297424999995	920.13646804	404.27017338999997	572.532	965.2758844000001	1417.1670709	12252.6031592	18839.672755000003	1814.3978354	3222.9208888000003	2588.3455692299995	36420.5833869	6053.949475399999	20236.485013489997	2037.8988932099999	3301.753918	1464.6187458999998	5397.305349540001	4302.8885123	1214.1942000000001	4530.81436708	5184.5831844	377.95648875999996	2910.7670343000004	344.36313309999997	4475.78100396	5821.9543016000025	4161.40118	6707.38604673	1725.27907289	4487.687521999999	1034.6917871800001	16704.650021	2216.4243035500003	6101.5258816000005	2999.00581	7750.898272119999	851.39624118	1619.0108192	638.842865	1086.5247753	3317.7270403500006	1699.58024126	390.06839999999994	2508.6149199	9446.750108749999	8793.550044540001	1643.7224819000003	2030.5292101500002	276.56039999999996	296150.5111059
Organic compounds	Phenylpropanoids and polyketides	Flavonoids;Isoflavonoids	Flavones	Flavones	973687.5327	2066425.4109999998	1833030.009	40600.751821000005	1468700.129	1824303.5459999999	1234326.165	2348952.44	3607511.9289999995	5583740.419	1890702.42	367412.3862	1402829.236	1224263.741	1322722.758	739958.6925	812021.5968	1086155.993	1731990.094	2958685.402	2302180.58	2542291.174	840170.3031	1314580.824	1420771.084	3082850.443	1241338.878	1057960.788	1813221.592	2396692.365	15426.14869	5585477.3	4031472.715	3955627.768	3908455.0719999997	4034911.268	3123031.758	3632317.756	4484511.223	2219255.1769999997	4370179.749	4864941.8719999995	2993085.539	3498534.0560000003	1740487.918	2086601.495	1700723.8830000001	3556814.4910000004	1682686.733	2205986.872	3421017.6380000003	2258489.693	4611171.745	5147149.723999999	1985644.361	2451524.574	4352919.772	2784944.65	3204204.9510000004	2258194.894	3421342.5160000003	2380360.848	1135237.247	1293872.13	2635435.066	2628568.044	2394098.046	1737717.7780000002	1846370.655	2350926.3230000003	4843803.922
Organic compounds	Phenylpropanoids and polyketides	Isoflavonoids	1-benzopyrans;Amino acids, peptides, and analogues;none	3'-hydroxy,4'-methoxyisoflavonoids;Chromones	47.1618	90.5127	31.6404	29.517	9.36	31.950000000000003	0.0	9.1692	29.4135	180.2511	17.6721	0.0	27.51	19.1205	60.408	0.0	113.184	29.664	3.9615	110.8356	164.04479999999998	37.7919	0.0	32.472	12.1896	29.4462	21.0054	47.818799999999996	26.4096	86.96231724	27.3972	60.0984	166.99439999999998	47.4888	32.76	187.065	40.1592	97.03200000000001	63.806700000000006	53.2755	65.01969357	97.0449	39.916799999999995	44794.056189999996	48.6396	95.9778	0.0	461.7992407	0.0	3810.0459997999997	296.04011310000004	93.2526	273.7313838	584.2777515	25.6233	37.4079	65.7567	17.784000000000002	16.929000000000002	0.0	26.950499999999998	0.0	36.1359	16.491	44.6916	47.1276	18.0435	42.283500000000004	28.2828	31.0581	0.0
Organic compounds	Phenylpropanoids and polyketides	Isoflavonoids	Furanoisoflavonoids	Pterocarpans	648.8866393999999	380.97	197.332079	186.792	36.6336	60.003	52.0128	53.7102	158.5836	308.1168	74.1132	20.28	2320.257556	3270.5928480000002	204.27350259999997	184.19172796	446.202	3524.2923619999997	465.5688	2250.679328	1345.3552108	21.366	20.16	38.5236	31.5642	111.06	42.042	628.7028	0.0	324.375	662.3448	59.65074184	28.3248	106.7094	0.0	117.5957754	51.8592	1415.4784182	0.0	44.139	410.8134	28.4256	36.8424	31.68	18.317999999999998	123.8688	52.8528	57.66585842	39.7098	43.6794	780.4344727999999	43.56	205.7664	395.2347832	456.3109004	91.25936862	1696.3844112	6545.74125	32831.487668	85.5792	105.2832	956.7646447999999	15.3846	61.674	1504.4820000000002	775.3511316	272.844	199.14290706	4549.685794	43.7304	184.7928
Organic compounds	Phenylpropanoids and polyketides	Isoflavonoids	none	3'-hydroxy,4'-methoxyisoflavonoids;Chromones	47.1618	22.8825	20.8854	0.0	141.0427583	21.78	20.3205	16.065	9.6633	64.6557	43.3194	17.2074	64.5738	0.0	29.358	0.0	152.1504	0.0	27.99	31.3404	59.826	0.0	0.0	23.355	12.1896	7.17	11.2002	11.6817	0.0	8.97	72.56334152	312.03281860000004	192.03	13.23	29.7714	21.92490288	17.0181	50.4603	30.9018	0.0	325.8198	114.79629150000001	34.2108	32884.72529	14.3556	23.7075	0.0	263.6594841	0.0	2054.895501	186.7084714	26.4108	173.2811807	64.30075671	66.09899999999999	37.0767	655.6113579	0.0	16.929000000000002	67.3056	0.0	0.0	16.8003	0.0	41.6619	0.0	10.16026648	22.6134	10.038	0.0	56.8998
Organic compounds	Phenylpropanoids and polyketides	Lignan glycosides	none	Lignan glycosides	153.5316	1123.1668765	207.31506987	248.67315589999998	1444.409772	1231.4186590499999	290.97269190000003	1190.8983019999998	2613.9679069999997	8574.1352975	226.27808212	688.8185607999999	4313.979938789999	3086.4969705999997	203.2361278	265.2289553	8830.628034899999	1568.5788209999998	394.4292	2615.4700754	6956.79809641	1936.8061340000002	1278.5745768	367.0956	1020.8123999999999	326.4372000000001	412.8243391	204.5082	1005.53736	22887.314010000002	30572.861186000002	45324.138463799994	5915.2954116	15130.971960300003	10955.783909	6873.9327158999995	7602.145912999999	5806.16626297	14216.773587500002	2279.7604612999994	760.7095585000001	4741.5130961	24101.123810999998	8738.180048	469.95556209999995	243.9246902	553.6441725999999	105417.40798455	355.28138657000005	7366.25147467	19711.955858399997	56711.370752740004	392.2119305	215401.17223705	23511.107385000003	124218.18447288	2689.533012	6282.461841480001	302.4543	193.57049999999998	370.65270000000004	153.4329	234.2313	88.2033	3964.7999345000003	7997.304446630001	585.15827582	728.0123089	635.2707772199999	131.5794	60905.2875391
Organic compounds	Phenylpropanoids and polyketides	Linear 1,3-diarylpropanoids	Chalcones and dihydrochalcones	2'-Hydroxychalcones	253.3280782	29627.772593	19661.66491	281337.1024	3730.6199549999997	220864.50812	387.13092264	128053.48509	20209.765213	26967.787790000002	16.1985	18.8424	19.7625	154.55460000000002	168.48533084	234.2032121	47.02201644	1280.4612	272.358	48.0426	14966.295280000002	14888.822919	6214.789027	664.481282	238.0029	264.76096362	995.0229674000001	4512.423267	126.228	97840.35399	154939.99062	89430.36403	32214.384363	93382.30460999999	95134.94157	89650.21525	38106.06239	9800.342387	49162.9598599	423.062485	387.13150110000004	8995.059018	5582.387782999999	554.5995	33.423	109.22726691	5172.219139499999	24704.62865	250.79886339	1667.359851	16303.571155999998	7673.796684999999	8778.08373689	2480.46027235	227.21503385	5758.361324500001	21656.567318	6558.069233	298.2531	2901.037087	157.91753200000002	119.7597	381.7824	235.2623471	1557.1094241499998	2318.828344	16608.762752040002	1671.30860725	34925.14087	309.177	388.06525326999997
Organic compounds	Phenylpropanoids and polyketides	Organooxygen compounds	Carbohydrates and carbohydrate conjugates	Coumaric acids and derivatives	3484.3028206	18945.2338322	26967.582121000003	39110.36909759999	91441.1775739	53165.526151230006	62884.6413762	114575.61893440002	139304.816019	27977.870216	29339.3445988	74290.5011666	7502.4813932	82625.9141561	11207.147164299999	89252.63252000001	150907.903957	27045.221566299995	141.975	189.64224	115081.38471649998	30170.292447	13153.961742	22754.7877197	30634.787111999998	57913.34507	45432.186293	28840.1495085	39941.636579	26341.0004096	235217.64074799998	133435.448106	3745.2349203	23645.049808929998	55432.53225499999	2549.2649480000005	39700.99289865	35457.571805	54652.313266	18532.3421572	62329.382029	4035.8065119199996	66874.92914380001	151360.19850199998	1984.43642619	353.66780506	126423.298478	55276.098973	157975.081601	406920.33374410006	162089.9645577	278245.03736984	25603.678129699998	179715.84276700002	203285.322422	383773.2693898	29848.062909700002	251713.5798105	43021.32371	28896.920484000002	6153.9400221999995	2105.0038672999995	1719.6540764000001	151837.3456568	12252.0918343	106575.21661969999	8097.1215213000005	26499.314027999997	955.6741648	21040.990334299997	534.1140265
Organic compounds	Phenylpropanoids and polyketides	Organooxygen compounds	Carbohydrates and carbohydrate conjugates	Isoflavones	640.2315834000001	65429.54212	71339.827694	549601.6755	17148.5184	998.1633	4734.1083	197817.6837	225460.39818113	631828.2132	1368.0804	41574.153	1153.3599000000002	576.5681999999999	1368.7671	5483.2014	14609.225100000001	363.0138	142.3128	322.1538	3851.0879999999997	323664.6258	7179.063	514.8822	9164.2551	31835.0361	5129.817	2576.6448	5633.0175	787.1343	35933.290499999996	3123.7977	208.6683	1444.1922000000002	24524.4741	4857.577200000001	2529.4566	6447.55026339	106038.05309999999	2026407.1354000003	2061.096	10256.272200000001	1947.9062999999999	517.5789	12005.754350000001	1817.4309	3724.0899	2863.1088	4245.162	714.6161999999999	4036.3248	1585.4997	5724.9093	666913.3134	3308.2167	2915.0697	17959.4292	284661.3285	1007.1582000000001	3798.5384999999997	1294.6224	650.3589	504.741	131088.88379999998	10102.3884	48841.072799999994	4109.38602781	2215.1378999999997	166.3374	264.6522	16676.174099999997
Organic compounds	Phenylpropanoids and polyketides	Organooxygen compounds	Carbohydrates and carbohydrate conjugates	Phenolic glycosides	22033.917028	15342.802112000001	373571.25250000006	3839.056834	38226.44653069999	6586.103068	314.2368	89890.29506	371.46569999999997	1018.2780338	22191.21943923	255.17661935999996	313.81739209	441.6156	53.2422	333.8388	8996.163712000001	2242.1259819999996	204.13469999999998	83.78405167	23499.919621699995	232.1061	851.1725999999999	3893.9134280000003	13754.830544	232500.74425999998	3881.280553	2584.6513395999996	502.62291914	198.0864	1069.3284996	5829.622528	104.9952	1913.56934312	6349.27885	7124.4532502	1956.6102255999997	22359.778739999998	26321.120559999996	536.9266166	41848.52815	267.7136304	256.59143356000004	9687.946338400001	372.91404020000004	312.8766378	1285.3721932	280.383149	60.3894	602.5332385000002	588.76438978	183.14818594000002	375.912143	347.00057862000006	225.9468	101.5413	265.94100000000003	670.0628582	8661.765180000002	637.1438378	453.85619999999994	175.1481	633.0459632	82.45080000000002	11610.302606	5853.107072	387.22510013999994	1149.8792813999999	120.0396	140.1858	226.10450742999998
Organic compounds	Phenylpropanoids and polyketides	Tannins	Hydrolyzable tannins	Hydrolyzable tannins	1002.1833004	9763.7335179	13812.5885695	11409.21857951	1246.5081709	16170.909943229999	989.0238370000001	21955.5151748	34335.854043	31227.653383169996	466.8999704	436.25070000000005	884.0417173000001	941.4503279300001	938.1464789000001	593.5271908000001	13500.95158	1625.7108084	586.3357217	567.126	26237.271097	385.30692	525.6422324	684.08628092	361977.84911569994	55860.83563352001	9543.7336887	664.02792944	1707.1939220200002	4332.56829124	26718.180345999997	8642.5511474	6650.2127550000005	6784.5906935	6849.3537864	4622.3696283	10984.138302	789.4253469999999	82502.4284736	801.29490842	1038.07717844	1890.5754241	5757.50666689	967.1977057	496.380595	559.3315865	148845.6148958	23457.60329	1952.1245968399999	2343.17201888	16320.707086199998	11047.314215900002	1688.3799853	40884.24051729999	18362.1613811	9484.002909419998	35498.545348340005	75237.734474	32196.519753300003	2610.2574971000004	16140.5635747	1467.09169106	1387.1168607599998	19502.1867249	1182.6020697999998	10863.02182677	18535.13043916	766.42810383	26540.0174135	5548.120736570001	2000.6105841100002
